menu-item-name,"Ichiban Roll*","Ichiban Roll","ichiban roll","Ichiban Rolls","ichiban rolls"
menu-item-name,"K-Pop Roll*","K-Pop Roll","k-pop roll","K-Pop Rolls","k-pop rolls"
menu-item-name,"Red Dragon Roll*","Red Dragon Roll","red dragon roll","Red Dragon Rolls","red dragon rolls"
menu-item-name,"Ninja Roll*","Ninja Roll","ninja roll","Ninja Rolls","ninja rolls"
menu-item-name,"Giant Roll*","Giant Roll","giant roll","Giant Rolls","giant rolls"
menu-item-name,"Dynamite Roll*","Dynamite Roll","dynamite roll","Dynamite Rolls","dynamite rolls"
menu-item-name,"Rainbow Roll*","Rainbow Roll","rainbow roll","Rainbow Rolls","rainbow rolls"
menu-item-name,"Red and White Roll*","Red and White Roll","red and white roll","Red and White Rolls","red and white rolls"
menu-item-name,"GoGo Roll*","GoGo Roll","gogo roll","GoGo Rolls","gogo rolls"
menu-item-name,"Coit Tower Roll*","Coit Tower Roll","coit tower roll","Coit Tower Rolls","coit tower rolls"
menu-item-name,"J-Town Roll*","J-Town Roll","j-town roll","J-Town Rolls","j-town rolls"
menu-item-name,"Kamikaze Roll*","Kamikaze Roll","kamikaze roll","Kamikaze Rolls","kamikaze rolls"
menu-item-name,"Sakura Roll*","Sakura Roll","sakura roll","Sakura Rolls","sakura rolls"
menu-item-name,"Swamp Roll*","Swamp Roll","swamp roll","Swamp Rolls","swamp rolls"
menu-item-name,"Dragon Roll*","Dragon Roll","dragon roll","Dragon Rolls","dragon rolls"
menu-item-name,"49'er Roll*","49'er Roll","49'er roll","49'er Rolls","49'er rolls"
menu-item-name,"Island Roll*","Island Roll","island roll","Island Rolls","island rolls"
menu-item-name,"San Francisco Roll*","San Francisco Roll","san francisco roll","San Francisco Rolls","san francisco rolls"
menu-item-name,"Lion King Roll*","Lion King Roll","lion king roll","Lion King Rolls","lion king rolls"
menu-item-name,"Mixed Maki*","Mixed Maki","mixed maki","Mixed Makis","mixed makis"
menu-item-name,"Hamchi Sashimi*","Hamchi Sashimi","hamchi sashimi","Hamchi Sashimis","hamchi sashimis"
menu-item-name,"Tekka Don*","Tekka Don","tekka don","Tekka Dons","tekka dons"
menu-item-name,"Nigiri Sushi*","Nigiri Sushi","nigiri sushi","Nigiri Sushis","nigiri sushis"
menu-item-name,"Moriawase*","Moriawase","moriawase","Moriawases","moriawases"
menu-item-name,"Deluxe Sushi*","Deluxe Sushi","deluxe sushi","Deluxe Sushis","deluxe sushis"
menu-item-name,"Sashimi*","Sashimi","sashimi","Sashimis","sashimis"
menu-item-name,"Chirashi*","Chirashi","chirashi","Chirashis","chirashis"
menu-item-name,"Hamachi Don*","Hamachi Don","hamachi don","Hamachi Dons","hamachi dons"
menu-item-name,"Korean Chirashi*","Korean Chirashi","korean chirashi","Korean Chirashis","korean chirashis"
menu-item-name,"Deluxe Sashimi*","Deluxe Sashimi","deluxe sashimi","Deluxe Sashimis","deluxe sashimis"
menu-item-name,"Small Green Salad*","Small Green Salad","small green salad","Small Green Salads","small green salads"
menu-item-name,"Tsuke-Mono*","Tsuke-Mono","tsuke-mono","Tsuke-Monos","tsuke-monos","Tsuke","tsuke","Tsukes","tsukes"
menu-item-name,"Miso Soup with Seaweed and Tofu*","Miso Soup with Seaweed and Tofu","miso soup with seaweed and tofu","Miso Soup with Seaweed and Tofus","miso soup with seaweed and tofus"
menu-item-name,"Side of White Steamed Rice*","Side of White Steamed Rice","side of white steamed rice","Side of White Steamed Rices","side of white steamed rices"
menu-item-name,"Large Green Salad*","Large Green Salad","large green salad","Large Green Salads","large green salads"
menu-item-name,"Miso Soup with Tofu*","Miso Soup with Tofu","miso soup with tofu","Miso Soup with Tofus","miso soup with tofus"
menu-item-name,"Miso Soup with Clam*","Miso Soup with Clam","miso soup with clam","Miso Soup with Clams","miso soup with clams"
menu-item-name,"Side of Brown Steamed Rice*","Side of Brown Steamed Rice","side of brown steamed rice","Side of Brown Steamed Rices","side of brown steamed rices"
menu-item-name,"Cater. Roll Platter*","Cater. Roll Platter","cater. roll platter","Cater. Roll Platters","cater. roll platters","Roll Platter","roll platter","Roll Platters","roll platters"
menu-item-name,"Cater. Roll & Sushi Combo Platter*","Cater. Roll & Sushi Combo Platter","cater. roll & sushi combo platter","Cater. Roll & Sushi Combo Platters","cater. roll & sushi combo platters","Roll","roll","Rolls","rolls","Roll & Sushi Combo Platter","roll & sushi combo platter","Roll & Sushi Combo Platters","roll & sushi combo platters"
menu-item-name,"21. Chicken Chipotle Salad*","21. Chicken Chipotle Salad","21. chicken chipotle salad","21. Chicken Chipotle Salads","21. chicken chipotle salads","Chicken Chipotle Salad","chicken chipotle salad","Chicken Chipotle Salads","chicken chipotle salads"
menu-item-name,"23. Rainbow Salad*","23. Rainbow Salad","23. rainbow salad","23. Rainbow Salads","23. rainbow salads","Rainbow Salad","rainbow salad","Rainbow Salads","rainbow salads"
menu-item-name,"25. Thai Chicken Salad*","25. Thai Chicken Salad","25. thai chicken salad","25. Thai Chicken Salads","25. thai chicken salads","Thai Chicken Salad","thai chicken salad","Thai Chicken Salads","thai chicken salads"
menu-item-name,"27. Classic Caesar Salad (Side)*","27. Classic Caesar Salad (Side)","27. classic caesar salad (side)","27. Classic Caesar Salad (Side)s","27. classic caesar salad (side)s","Classic Caesar Salad (Side)","classic caesar salad (side)","Classic Caesar Salad (Side)s","classic caesar salad (side)s","Classic Caesar Salad","classic caesar salad","Classic Caesar Salads","classic caesar salads"
menu-item-name,"22. Cobb Salad*","22. Cobb Salad","22. cobb salad","22. Cobb Salads","22. cobb salads","Cobb Salad","cobb salad","Cobb Salads","cobb salads"
menu-item-name,"24. Chicken Caesar Salad*","24. Chicken Caesar Salad","24. chicken caesar salad","24. Chicken Caesar Salads","24. chicken caesar salads","Chicken Caesar Salad","chicken caesar salad","Chicken Caesar Salads","chicken caesar salads"
menu-item-name,"26. Mixed Greens Salad (Side)*","26. Mixed Greens Salad (Side)","26. mixed greens salad (side)","26. Mixed Greens Salad (Side)s","26. mixed greens salad (side)s","Mixed Greens Salad (Side)","mixed greens salad (side)","Mixed Greens Salad (Side)s","mixed greens salad (side)s","Mixed Greens Salad","mixed greens salad","Mixed Greens Salads","mixed greens salads"
menu-item-name,"28. Spinach Salad (Side)*","28. Spinach Salad (Side)","28. spinach salad (side)","28. Spinach Salad (Side)s","28. spinach salad (side)s","Spinach Salad (Side)","spinach salad (side)","Spinach Salad (Side)s","spinach salad (side)s","Spinach Salad","spinach salad","Spinach Salads","spinach salads"
menu-item-name,"11. Grandma Mary`s Chicken Soup*","11. Grandma Mary`s Chicken Soup","11. grandma mary`s chicken soup","11. Grandma Mary`s Chicken Soups","11. grandma mary`s chicken soups","Grandma Mary`s Chicken Soup","grandma mary`s chicken soup","Grandma Mary`s Chicken Soups","grandma mary`s chicken soups"
menu-item-name,"13. New England Clam Chowder*","13. New England Clam Chowder","13. new england clam chowder","13. New England Clam Chowders","13. new england clam chowders","New England Clam Chowder","new england clam chowder","New England Clam Chowders","new england clam chowders"
menu-item-name,"15. Organic Southwestern Corn Chowder*","15. Organic Southwestern Corn Chowder","15. organic southwestern corn chowder","15. Organic Southwestern Corn Chowders","15. organic southwestern corn chowders","Organic Southwestern Corn Chowder","organic southwestern corn chowder","Organic Southwestern Corn Chowders","organic southwestern corn chowders"
menu-item-name,"17. Organic Tomato Bisque Soup*","17. Organic Tomato Bisque Soup","17. organic tomato bisque soup","17. Organic Tomato Bisque Soups","17. organic tomato bisque soups","Organic Tomato Bisque Soup","organic tomato bisque soup","Organic Tomato Bisque Soups","organic tomato bisque soups"
menu-item-name,"12. Mexican Chicken Tortilla Soup*","12. Mexican Chicken Tortilla Soup","12. mexican chicken tortilla soup","12. Mexican Chicken Tortilla Soups","12. mexican chicken tortilla soups","Mexican Chicken Tortilla Soup","mexican chicken tortilla soup","Mexican Chicken Tortilla Soups","mexican chicken tortilla soups"
menu-item-name,"14. Organic Smoky Split Pea Soup*","14. Organic Smoky Split Pea Soup","14. organic smoky split pea soup","14. Organic Smoky Split Pea Soups","14. organic smoky split pea soups","Organic Smoky Split Pea Soup","organic smoky split pea soup","Organic Smoky Split Pea Soups","organic smoky split pea soups"
menu-item-name,"16. Turkey Chili*","16. Turkey Chili","16. turkey chili","16. Turkey Chilis","16. turkey chilis","Turkey Chili","turkey chili","Turkey Chilis","turkey chilis"
menu-item-name,"45. Roasted Turkey Sandwich (Half)*","45. Roasted Turkey Sandwich (Half)","45. roasted turkey sandwich (half)","45. Roasted Turkey Sandwich (Half)s","45. roasted turkey sandwich (half)s","Roasted Turkey Sandwich (Half)","roasted turkey sandwich (half)","Roasted Turkey Sandwich (Half)s","roasted turkey sandwich (half)s","Roasted Turkey Sandwich","roasted turkey sandwich","Roasted Turkey Sandwichs","roasted turkey sandwichs"
menu-item-name,"47. Tuna Salad Sandwich (Half)*","47. Tuna Salad Sandwich (Half)","47. tuna salad sandwich (half)","47. Tuna Salad Sandwich (Half)s","47. tuna salad sandwich (half)s","Tuna Salad Sandwich (Half)","tuna salad sandwich (half)","Tuna Salad Sandwich (Half)s","tuna salad sandwich (half)s","Tuna Salad Sandwich","tuna salad sandwich","Tuna Salad Sandwichs","tuna salad sandwichs"
menu-item-name,"49. Roast Beef Sandwich (Half)*","49. Roast Beef Sandwich (Half)","49. roast beef sandwich (half)","49. Roast Beef Sandwich (Half)s","49. roast beef sandwich (half)s","Roast Beef Sandwich (Half)","roast beef sandwich (half)","Roast Beef Sandwich (Half)s","roast beef sandwich (half)s","Roast Beef Sandwich","roast beef sandwich","Roast Beef Sandwichs","roast beef sandwichs"
menu-item-name,"52. Hummus Sandwich (Half)*","52. Hummus Sandwich (Half)","52. hummus sandwich (half)","52. Hummus Sandwich (Half)s","52. hummus sandwich (half)s","Hummus Sandwich (Half)","hummus sandwich (half)","Hummus Sandwich (Half)s","hummus sandwich (half)s","Hummus Sandwich","hummus sandwich","Hummus Sandwichs","hummus sandwichs"
menu-item-name,"46. Turkey Pesto Sandwich (Half)*","46. Turkey Pesto Sandwich (Half)","46. turkey pesto sandwich (half)","46. Turkey Pesto Sandwich (Half)s","46. turkey pesto sandwich (half)s","Turkey Pesto Sandwich (Half)","turkey pesto sandwich (half)","Turkey Pesto Sandwich (Half)s","turkey pesto sandwich (half)s","Turkey Pesto Sandwich","turkey pesto sandwich","Turkey Pesto Sandwichs","turkey pesto sandwichs"
menu-item-name,"48. Grilled Chicken Ciabatta Sandwich (Half)*","48. Grilled Chicken Ciabatta Sandwich (Half)","48. grilled chicken ciabatta sandwich (half)","48. Grilled Chicken Ciabatta Sandwich (Half)s","48. grilled chicken ciabatta sandwich (half)s","Grilled Chicken Ciabatta Sandwich (Half)","grilled chicken ciabatta sandwich (half)","Grilled Chicken Ciabatta Sandwich (Half)s","grilled chicken ciabatta sandwich (half)s","Grilled Chicken Ciabatta Sandwich","grilled chicken ciabatta sandwich","Grilled Chicken Ciabatta Sandwichs","grilled chicken ciabatta sandwichs"
menu-item-name,"51. Egg Salad Sandwich (Half)*","51. Egg Salad Sandwich (Half)","51. egg salad sandwich (half)","51. Egg Salad Sandwich (Half)s","51. egg salad sandwich (half)s","Egg Salad Sandwich (Half)","egg salad sandwich (half)","Egg Salad Sandwich (Half)s","egg salad sandwich (half)s","Egg Salad Sandwich","egg salad sandwich","Egg Salad Sandwichs","egg salad sandwichs"
menu-item-name,"53. California Veggie Cheddar Sandwich (Half)*","53. California Veggie Cheddar Sandwich (Half)","53. california veggie cheddar sandwich (half)","53. California Veggie Cheddar Sandwich (Half)s","53. california veggie cheddar sandwich (half)s","California Veggie Cheddar Sandwich (Half)","california veggie cheddar sandwich (half)","California Veggie Cheddar Sandwich (Half)s","california veggie cheddar sandwich (half)s","California Veggie Cheddar Sandwich","california veggie cheddar sandwich","California Veggie Cheddar Sandwichs","california veggie cheddar sandwichs"
menu-item-name,"35. Lunch Bag Combo Regular Soup & Half Sandwich*","35. Lunch Bag Combo Regular Soup & Half Sandwich","35. lunch bag combo regular soup & half sandwich","35. Lunch Bag Combo Regular Soup & Half Sandwichs","35. lunch bag combo regular soup & half sandwichs","Lunch Bag Combo Regular Soup","lunch bag combo regular soup","Lunch Bag Combo Regular Soups","lunch bag combo regular soups","Lunch Bag Combo Regular Soup & Half Sandwich","lunch bag combo regular soup & half sandwich","Lunch Bag Combo Regular Soup & Half Sandwichs","lunch bag combo regular soup & half sandwichs"
menu-item-name,"37. Lunch Bag Combo Regular Soup & Salad*","37. Lunch Bag Combo Regular Soup & Salad","37. lunch bag combo regular soup & salad","37. Lunch Bag Combo Regular Soup & Salads","37. lunch bag combo regular soup & salads","Lunch Bag Combo Regular Soup","lunch bag combo regular soup","Lunch Bag Combo Regular Soups","lunch bag combo regular soups","Lunch Bag Combo Regular Soup & Salad","lunch bag combo regular soup & salad","Lunch Bag Combo Regular Soup & Salads","lunch bag combo regular soup & salads"
menu-item-name,"39. Lunch Bag Combo Sandwich & Salad*","39. Lunch Bag Combo Sandwich & Salad","39. lunch bag combo sandwich & salad","39. Lunch Bag Combo Sandwich & Salads","39. lunch bag combo sandwich & salads","Lunch Bag Combo Sandwich","lunch bag combo sandwich","Lunch Bag Combo Sandwichs","lunch bag combo sandwichs","Lunch Bag Combo Sandwich & Salad","lunch bag combo sandwich & salad","Lunch Bag Combo Sandwich & Salads","lunch bag combo sandwich & salads"
menu-item-name,"36. Lunch Bag Combo Large Soup & Half Sandwich*","36. Lunch Bag Combo Large Soup & Half Sandwich","36. lunch bag combo large soup & half sandwich","36. Lunch Bag Combo Large Soup & Half Sandwichs","36. lunch bag combo large soup & half sandwichs","Lunch Bag Combo Large Soup","lunch bag combo large soup","Lunch Bag Combo Large Soups","lunch bag combo large soups","Lunch Bag Combo Large Soup & Half Sandwich","lunch bag combo large soup & half sandwich","Lunch Bag Combo Large Soup & Half Sandwichs","lunch bag combo large soup & half sandwichs"
menu-item-name,"38. Lunch Bag Combo Large Soup & Salad*","38. Lunch Bag Combo Large Soup & Salad","38. lunch bag combo large soup & salad","38. Lunch Bag Combo Large Soup & Salads","38. lunch bag combo large soup & salads","Lunch Bag Combo Large Soup","lunch bag combo large soup","Lunch Bag Combo Large Soups","lunch bag combo large soups","Lunch Bag Combo Large Soup & Salad","lunch bag combo large soup & salad","Lunch Bag Combo Large Soup & Salads","lunch bag combo large soup & salads"
menu-item-name,"40. Lunch Bag Combo Whole Sandwich*","40. Lunch Bag Combo Whole Sandwich","40. lunch bag combo whole sandwich","40. Lunch Bag Combo Whole Sandwichs","40. lunch bag combo whole sandwichs","Lunch Bag Combo Whole Sandwich","lunch bag combo whole sandwich","Lunch Bag Combo Whole Sandwichs","lunch bag combo whole sandwichs"
menu-item-name,"55. Assorted Chips*","55. Assorted Chips","55. assorted chips","55. Assorted Chip","55. assorted chip","Assorted Chips","assorted chips","Assorted Chip","assorted chip"
menu-item-name,"60. Cookie*","60. Cookie","60. cookie","60. Cookies","60. cookies","Cookie","cookie","Cookies","cookies"
menu-item-name,"61. Chocolate Cake*","61. Chocolate Cake","61. chocolate cake","61. Chocolate Cakes","61. chocolate cakes","Chocolate Cake","chocolate cake","Chocolate Cakes","chocolate cakes"
menu-item-name,"610. CATERING MIXED GREENS SALAD BOWL (PER BOWL)*","610. CATERING MIXED GREENS SALAD BOWL (PER BOWL)","610. catering mixed greens salad bowl (per bowl)","610. CATERING MIXED GREENS SALAD BOWL (PER BOWL)s","610. catering mixed greens salad bowl (per bowl)s","CATERING MIXED GREENS SALAD BOWL (PER BOWL)","catering mixed greens salad bowl (per bowl)","CATERING MIXED GREENS SALAD BOWL (PER BOWL)s","catering mixed greens salad bowl (per bowl)s","CATERING MIXED GREENS SALAD BOWL","catering mixed greens salad bowl","CATERING MIXED GREENS SALAD BOWLs","catering mixed greens salad bowls"
menu-item-name,"613. CATERING FRUIT SALAD BOWL (PER BOWL)*","613. CATERING FRUIT SALAD BOWL (PER BOWL)","613. catering fruit salad bowl (per bowl)","613. CATERING FRUIT SALAD BOWL (PER BOWL)s","613. catering fruit salad bowl (per bowl)s","CATERING FRUIT SALAD BOWL (PER BOWL)","catering fruit salad bowl (per bowl)","CATERING FRUIT SALAD BOWL (PER BOWL)s","catering fruit salad bowl (per bowl)s","CATERING FRUIT SALAD BOWL","catering fruit salad bowl","CATERING FRUIT SALAD BOWLs","catering fruit salad bowls"
menu-item-name,"616. CATERING CHICKEN CHIPOTLE SALAD BOWL (PER BOWL)*","616. CATERING CHICKEN CHIPOTLE SALAD BOWL (PER BOWL)","616. catering chicken chipotle salad bowl (per bowl)","616. CATERING CHICKEN CHIPOTLE SALAD BOWL (PER BOWL)s","616. catering chicken chipotle salad bowl (per bowl)s","CATERING CHICKEN CHIPOTLE SALAD BOWL (PER BOWL)","catering chicken chipotle salad bowl (per bowl)","CATERING CHICKEN CHIPOTLE SALAD BOWL (PER BOWL)s","catering chicken chipotle salad bowl (per bowl)s","CATERING CHICKEN CHIPOTLE SALAD BOWL","catering chicken chipotle salad bowl","CATERING CHICKEN CHIPOTLE SALAD BOWLs","catering chicken chipotle salad bowls"
menu-item-name,"619. CATERING RAINBOW SALAD BOWL (PER BOWL)*","619. CATERING RAINBOW SALAD BOWL (PER BOWL)","619. catering rainbow salad bowl (per bowl)","619. CATERING RAINBOW SALAD BOWL (PER BOWL)s","619. catering rainbow salad bowl (per bowl)s","CATERING RAINBOW SALAD BOWL (PER BOWL)","catering rainbow salad bowl (per bowl)","CATERING RAINBOW SALAD BOWL (PER BOWL)s","catering rainbow salad bowl (per bowl)s","CATERING RAINBOW SALAD BOWL","catering rainbow salad bowl","CATERING RAINBOW SALAD BOWLs","catering rainbow salad bowls"
menu-item-name,"622. CATERING CHICKEN CAESAR SALAD BOWL (PER BOWL)*","622. CATERING CHICKEN CAESAR SALAD BOWL (PER BOWL)","622. catering chicken caesar salad bowl (per bowl)","622. CATERING CHICKEN CAESAR SALAD BOWL (PER BOWL)s","622. catering chicken caesar salad bowl (per bowl)s","CATERING CHICKEN CAESAR SALAD BOWL (PER BOWL)","catering chicken caesar salad bowl (per bowl)","CATERING CHICKEN CAESAR SALAD BOWL (PER BOWL)s","catering chicken caesar salad bowl (per bowl)s","CATERING CHICKEN CAESAR SALAD BOWL","catering chicken caesar salad bowl","CATERING CHICKEN CAESAR SALAD BOWLs","catering chicken caesar salad bowls"
menu-item-name,"611. CATERING CLASSIC CAESAR SALAD BOWL (PER BOWL)*","611. CATERING CLASSIC CAESAR SALAD BOWL (PER BOWL)","611. catering classic caesar salad bowl (per bowl)","611. CATERING CLASSIC CAESAR SALAD BOWL (PER BOWL)s","611. catering classic caesar salad bowl (per bowl)s","CATERING CLASSIC CAESAR SALAD BOWL (PER BOWL)","catering classic caesar salad bowl (per bowl)","CATERING CLASSIC CAESAR SALAD BOWL (PER BOWL)s","catering classic caesar salad bowl (per bowl)s","CATERING CLASSIC CAESAR SALAD BOWL","catering classic caesar salad bowl","CATERING CLASSIC CAESAR SALAD BOWLs","catering classic caesar salad bowls"
menu-item-name,"615. CATERING GREEK SALAD BOWL (PER BOWL)*","615. CATERING GREEK SALAD BOWL (PER BOWL)","615. catering greek salad bowl (per bowl)","615. CATERING GREEK SALAD BOWL (PER BOWL)s","615. catering greek salad bowl (per bowl)s","CATERING GREEK SALAD BOWL (PER BOWL)","catering greek salad bowl (per bowl)","CATERING GREEK SALAD BOWL (PER BOWL)s","catering greek salad bowl (per bowl)s","CATERING GREEK SALAD BOWL","catering greek salad bowl","CATERING GREEK SALAD BOWLs","catering greek salad bowls"
menu-item-name,"617. CATERING COBB SALAD BOWL (PER BOWL)*","617. CATERING COBB SALAD BOWL (PER BOWL)","617. catering cobb salad bowl (per bowl)","617. CATERING COBB SALAD BOWL (PER BOWL)s","617. catering cobb salad bowl (per bowl)s","CATERING COBB SALAD BOWL (PER BOWL)","catering cobb salad bowl (per bowl)","CATERING COBB SALAD BOWL (PER BOWL)s","catering cobb salad bowl (per bowl)s","CATERING COBB SALAD BOWL","catering cobb salad bowl","CATERING COBB SALAD BOWLs","catering cobb salad bowls"
menu-item-name,"621. CATERING THAI  PEANUT CHICKEN SALAD*","621. CATERING THAI  PEANUT CHICKEN SALAD","621. catering thai  peanut chicken salad","621. CATERING THAI  PEANUT CHICKEN SALADs","621. catering thai  peanut chicken salads","CATERING THAI  PEANUT CHICKEN SALAD","catering thai  peanut chicken salad","CATERING THAI  PEANUT CHICKEN SALADs","catering thai  peanut chicken salads"
menu-item-name,"630. CATERING REGULAR SOUP SAMPLER PLATTER (PER PLATTER)*","630. CATERING REGULAR SOUP SAMPLER PLATTER (PER PLATTER)","630. catering regular soup sampler platter (per platter)","630. CATERING REGULAR SOUP SAMPLER PLATTER (PER PLATTER)s","630. catering regular soup sampler platter (per platter)s","CATERING REGULAR SOUP SAMPLER PLATTER (PER PLATTER)","catering regular soup sampler platter (per platter)","CATERING REGULAR SOUP SAMPLER PLATTER (PER PLATTER)s","catering regular soup sampler platter (per platter)s","CATERING REGULAR SOUP SAMPLER PLATTER","catering regular soup sampler platter","CATERING REGULAR SOUP SAMPLER PLATTERs","catering regular soup sampler platters"
menu-item-name,"633. CATERING HALF SANDWICH PLATTER (PER PLATTER)*","633. CATERING HALF SANDWICH PLATTER (PER PLATTER)","633. catering half sandwich platter (per platter)","633. CATERING HALF SANDWICH PLATTER (PER PLATTER)s","633. catering half sandwich platter (per platter)s","CATERING HALF SANDWICH PLATTER (PER PLATTER)","catering half sandwich platter (per platter)","CATERING HALF SANDWICH PLATTER (PER PLATTER)s","catering half sandwich platter (per platter)s","CATERING HALF SANDWICH PLATTER","catering half sandwich platter","CATERING HALF SANDWICH PLATTERs","catering half sandwich platters"
menu-item-name,"630. CATERING LARGE SOUP SAMPLER PLATTER (PER PLATTER)*","630. CATERING LARGE SOUP SAMPLER PLATTER (PER PLATTER)","630. catering large soup sampler platter (per platter)","630. CATERING LARGE SOUP SAMPLER PLATTER (PER PLATTER)s","630. catering large soup sampler platter (per platter)s","CATERING LARGE SOUP SAMPLER PLATTER (PER PLATTER)","catering large soup sampler platter (per platter)","CATERING LARGE SOUP SAMPLER PLATTER (PER PLATTER)s","catering large soup sampler platter (per platter)s","CATERING LARGE SOUP SAMPLER PLATTER","catering large soup sampler platter","CATERING LARGE SOUP SAMPLER PLATTERs","catering large soup sampler platters"
menu-item-name,"Oatmeal*","Oatmeal","oatmeal","Oatmeals","oatmeals"
menu-item-name,"1. Vegetable Samosa *","1. Vegetable Samosa ","1. vegetable samosa ","1. Vegetable Samosa s","1. vegetable samosa s","Vegetable Samosa","vegetable samosa","Vegetable Samosas","vegetable samosas"
menu-item-name,"3. Vegetable Pakora*","3. Vegetable Pakora","3. vegetable pakora","3. Vegetable Pakoras","3. vegetable pakoras","Vegetable Pakora","vegetable pakora","Vegetable Pakoras","vegetable pakoras"
menu-item-name,"5. Shrimp Pakora *","5. Shrimp Pakora ","5. shrimp pakora ","5. Shrimp Pakora s","5. shrimp pakora s","Shrimp Pakora","shrimp pakora","Shrimp Pakoras","shrimp pakoras"
menu-item-name,"8. Assorted Vegetable Platter*","8. Assorted Vegetable Platter","8. assorted vegetable platter","8. Assorted Vegetable Platters","8. assorted vegetable platters","Assorted Vegetable Platter","assorted vegetable platter","Assorted Vegetable Platters","assorted vegetable platters"
menu-item-name,"10. Papadums *","10. Papadums ","10. papadums ","10. Papadums s","10. papadums s","Papadums","papadums","Papadum","papadum"
menu-item-name,"12. Paneer Pakora *","12. Paneer Pakora ","12. paneer pakora ","12. Paneer Pakora s","12. paneer pakora s","Paneer Pakora","paneer pakora","Paneer Pakoras","paneer pakoras"
menu-item-name,"2. Onion Bhaji *","2. Onion Bhaji ","2. onion bhaji ","2. Onion Bhaji s","2. onion bhaji s","Onion Bhaji","onion bhaji","Onion Bhajis","onion bhajis"
menu-item-name,"4. Chicken Pakora*","4. Chicken Pakora","4. chicken pakora","4. Chicken Pakoras","4. chicken pakoras","Chicken Pakora","chicken pakora","Chicken Pakoras","chicken pakoras"
menu-item-name,"6. Fish Pakora*","6. Fish Pakora","6. fish pakora","6. Fish Pakoras","6. fish pakoras","Fish Pakora","fish pakora","Fish Pakoras","fish pakoras"
menu-item-name,"9. Assorted Appetizer Plate*","9. Assorted Appetizer Plate","9. assorted appetizer plate","9. Assorted Appetizer Plates","9. assorted appetizer plates","Assorted Appetizer Plate","assorted appetizer plate","Assorted Appetizer Plates","assorted appetizer plates"
menu-item-name,"11. Spicy Chicken Wings*","11. Spicy Chicken Wings","11. spicy chicken wings","11. Spicy Chicken Wing","11. spicy chicken wing","Spicy Chicken Wings","spicy chicken wings","Spicy Chicken Wing","spicy chicken wing"
menu-item-name,"14. Buddha Salad*","14. Buddha Salad","14. buddha salad","14. Buddha Salads","14. buddha salads","Buddha Salad","buddha salad","Buddha Salads","buddha salads"
menu-item-name,"15. Cream of Chicken Soup*","15. Cream of Chicken Soup","15. cream of chicken soup","15. Cream of Chicken Soups","15. cream of chicken soups","Cream of Chicken Soup","cream of chicken soup","Cream of Chicken Soups","cream of chicken soups"
menu-item-name,"15b. Cream of Tomato Soup*","15b. Cream of Tomato Soup","15b. cream of tomato soup","15b. Cream of Tomato Soups","15b. cream of tomato soups","Cream of Tomato Soup","cream of tomato soup","Cream of Tomato Soups","cream of tomato soups"
menu-item-name,"18. Mango Chutney*","18. Mango Chutney","18. mango chutney","18. Mango Chutneys","18. mango chutneys","Mango Chutney","mango chutney","Mango Chutneys","mango chutneys"
menu-item-name,"14a. Chicken Tikka Salad*","14a. Chicken Tikka Salad","14a. chicken tikka salad","14a. Chicken Tikka Salads","14a. chicken tikka salads","Chicken Tikka Salad","chicken tikka salad","Chicken Tikka Salads","chicken tikka salads"
menu-item-name,"15a. Mulligatawny Soup*","15a. Mulligatawny Soup","15a. mulligatawny soup","15a. Mulligatawny Soups","15a. mulligatawny soups","Mulligatawny Soup","mulligatawny soup","Mulligatawny Soups","mulligatawny soups"
menu-item-name,"17. Mixed Pickles*","17. Mixed Pickles","17. mixed pickles","17. Mixed Pickle","17. mixed pickle","Mixed Pickles","mixed pickles","Mixed Pickle","mixed pickle"
menu-item-name,"19. Raita*","19. Raita","19. raita","19. Raitas","19. raitas","Raita","raita","Raitas","raitas"
menu-item-name,"82. Chana Masala*","82. Chana Masala","82. chana masala","82. Chana Masalas","82. chana masalas","Chana Masala","chana masala","Chana Masalas","chana masalas"
menu-item-name,"92. Vegetable Jalfrazzi*","92. Vegetable Jalfrazzi","92. vegetable jalfrazzi","92. Vegetable Jalfrazzis","92. vegetable jalfrazzis","Vegetable Jalfrazzi","vegetable jalfrazzi","Vegetable Jalfrazzis","vegetable jalfrazzis"
menu-item-name,"94. Bhindi Masala*","94. Bhindi Masala","94. bhindi masala","94. Bhindi Masalas","94. bhindi masalas","Bhindi Masala","bhindi masala","Bhindi Masalas","bhindi masalas"
menu-item-name,"83. Aloo Gobi*","83. Aloo Gobi","83. aloo gobi","83. Aloo Gobis","83. aloo gobis","Aloo Gobi","aloo gobi","Aloo Gobis","aloo gobis"
menu-item-name,"93. Yellow Daal*","93. Yellow Daal","93. yellow daal","93. Yellow Daals","93. yellow daals","Yellow Daal","yellow daal","Yellow Daals","yellow daals"
menu-item-name,"81. Saag Paneer*","81. Saag Paneer","81. saag paneer","81. Saag Paneers","81. saag paneers","Saag Paneer","saag paneer","Saag Paneers","saag paneers"
menu-item-name,"84. Malai Kofta*","84. Malai Kofta","84. malai kofta","84. Malai Koftas","84. malai koftas","Malai Kofta","malai kofta","Malai Koftas","malai koftas"
menu-item-name,"86. Vegetable Korma*","86. Vegetable Korma","86. vegetable korma","86. Vegetable Kormas","86. vegetable kormas","Vegetable Korma","vegetable korma","Vegetable Kormas","vegetable kormas"
menu-item-name,"89a. Saag Aloo*","89a. Saag Aloo","89a. saag aloo","89a. Saag Aloos","89a. saag aloos","Saag Aloo","saag aloo","Saag Aloos","saag aloos"
menu-item-name,"91. Mushroom Matar*","91. Mushroom Matar","91. mushroom matar","91. Mushroom Matars","91. mushroom matars","Mushroom Matar","mushroom matar","Mushroom Matars","mushroom matars"
menu-item-name,"83. Matar Paneer*","83. Matar Paneer","83. matar paneer","83. Matar Paneers","83. matar paneers","Matar Paneer","matar paneer","Matar Paneers","matar paneers"
menu-item-name,"85. Bengan Bertha*","85. Bengan Bertha","85. bengan bertha","85. Bengan Berthas","85. bengan berthas","Bengan Bertha","bengan bertha","Bengan Berthas","bengan berthas"
menu-item-name,"88. Dal Makhni*","88. Dal Makhni","88. dal makhni","88. Dal Makhnis","88. dal makhnis","Dal Makhni","dal makhni","Dal Makhnis","dal makhnis"
menu-item-name,"90. Shahi Paneer*","90. Shahi Paneer","90. shahi paneer","90. Shahi Paneers","90. shahi paneers","Shahi Paneer","shahi paneer","Shahi Paneers","shahi paneers"
menu-item-name,"51. Chicken Makhni*","51. Chicken Makhni","51. chicken makhni","51. Chicken Makhnis","51. chicken makhnis","Chicken Makhni","chicken makhni","Chicken Makhnis","chicken makhnis"
menu-item-name,"53. Chicken Curry*","53. Chicken Curry","53. chicken curry","53. Chicken Currys","53. chicken currys","Chicken Curry","chicken curry","Chicken Currys","chicken currys"
menu-item-name,"55. Chicken Vindaloo*","55. Chicken Vindaloo","55. chicken vindaloo","55. Chicken Vindaloos","55. chicken vindaloos","Chicken Vindaloo","chicken vindaloo","Chicken Vindaloos","chicken vindaloos"
menu-item-name,"58. Chicken Karahi*","58. Chicken Karahi","58. chicken karahi","58. Chicken Karahis","58. chicken karahis","Chicken Karahi","chicken karahi","Chicken Karahis","chicken karahis"
menu-item-name,"52. Chicken Korma*","52. Chicken Korma","52. chicken korma","52. Chicken Kormas","52. chicken kormas","Chicken Korma","chicken korma","Chicken Kormas","chicken kormas"
menu-item-name,"54. Mango Chicken Masala*","54. Mango Chicken Masala","54. mango chicken masala","54. Mango Chicken Masalas","54. mango chicken masalas","Mango Chicken Masala","mango chicken masala","Mango Chicken Masalas","mango chicken masalas"
menu-item-name,"56. Chicken Tikka Masala*","56. Chicken Tikka Masala","56. chicken tikka masala","56. Chicken Tikka Masalas","56. chicken tikka masalas","Chicken Tikka Masala","chicken tikka masala","Chicken Tikka Masalas","chicken tikka masalas"
menu-item-name,"60. Chicken Saag*","60. Chicken Saag","60. chicken saag","60. Chicken Saags","60. chicken saags","Chicken Saag","chicken saag","Chicken Saags","chicken saags"
menu-item-name,"34. Lamb Coconut*","34. Lamb Coconut","34. lamb coconut","34. Lamb Coconuts","34. lamb coconuts","Lamb Coconut","lamb coconut","Lamb Coconuts","lamb coconuts"
menu-item-name,"36. Lamb Curry*","36. Lamb Curry","36. lamb curry","36. Lamb Currys","36. lamb currys","Lamb Curry","lamb curry","Lamb Currys","lamb currys"
menu-item-name,"38. Rogan Josh*","38. Rogan Josh","38. rogan josh","38. Rogan Joshs","38. rogan joshs","Rogan Josh","rogan josh","Rogan Joshs","rogan joshs"
menu-item-name,"43. Lamb Korma*","43. Lamb Korma","43. lamb korma","43. Lamb Kormas","43. lamb kormas","Lamb Korma","lamb korma","Lamb Kormas","lamb kormas"
menu-item-name,"35. Lamb Vindaloo*","35. Lamb Vindaloo","35. lamb vindaloo","35. Lamb Vindaloos","35. lamb vindaloos","Lamb Vindaloo","lamb vindaloo","Lamb Vindaloos","lamb vindaloos"
menu-item-name,"37. Lamb Saagwala*","37. Lamb Saagwala","37. lamb saagwala","37. Lamb Saagwalas","37. lamb saagwalas","Lamb Saagwala","lamb saagwala","Lamb Saagwalas","lamb saagwalas"
menu-item-name,"40. Punjabi Lamb Curry*","40. Punjabi Lamb Curry","40. punjabi lamb curry","40. Punjabi Lamb Currys","40. punjabi lamb currys","Punjabi Lamb Curry","punjabi lamb curry","Punjabi Lamb Currys","punjabi lamb currys"
menu-item-name,"44. Lamb Tikka Masala*","44. Lamb Tikka Masala","44. lamb tikka masala","44. Lamb Tikka Masalas","44. lamb tikka masalas","Lamb Tikka Masala","lamb tikka masala","Lamb Tikka Masalas","lamb tikka masalas"
menu-item-name,"68. Shrimp Vindaloo*","68. Shrimp Vindaloo","68. shrimp vindaloo","68. Shrimp Vindaloos","68. shrimp vindaloos","Shrimp Vindaloo","shrimp vindaloo","Shrimp Vindaloos","shrimp vindaloos"
menu-item-name,"69. Shrimp Saag*","69. Shrimp Saag","69. shrimp saag","69. Shrimp Saags","69. shrimp saags","Shrimp Saag","shrimp saag","Shrimp Saags","shrimp saags"
menu-item-name,"71. Shrimp Curry*","71. Shrimp Curry","71. shrimp curry","71. Shrimp Currys","71. shrimp currys","Shrimp Curry","shrimp curry","Shrimp Currys","shrimp currys"
menu-item-name,"68a. Fish Curry*","68a. Fish Curry","68a. fish curry","68a. Fish Currys","68a. fish currys","Fish Curry","fish curry","Fish Currys","fish currys"
menu-item-name,"70. Prawns & Scallops Tikka Masala*","70. Prawns & Scallops Tikka Masala","70. prawns & scallops tikka masala","70. Prawns & Scallops Tikka Masalas","70. prawns & scallops tikka masalas","Prawns","prawns","Prawn","prawn","Prawns & Scallops Tikka Masala","prawns & scallops tikka masala","Prawns & Scallops Tikka Masalas","prawns & scallops tikka masalas"
menu-item-name,"73. Shrimp Tikka Masala*","73. Shrimp Tikka Masala","73. shrimp tikka masala","73. Shrimp Tikka Masalas","73. shrimp tikka masalas","Shrimp Tikka Masala","shrimp tikka masala","Shrimp Tikka Masalas","shrimp tikka masalas"
menu-item-name,"130. Lamb Platter*","130. Lamb Platter","130. lamb platter","130. Lamb Platters","130. lamb platters","Lamb Platter","lamb platter","Lamb Platters","lamb platters"
menu-item-name,"133. Shrimp Coconut Curry*","133. Shrimp Coconut Curry","133. shrimp coconut curry","133. Shrimp Coconut Currys","133. shrimp coconut currys","Shrimp Coconut Curry","shrimp coconut curry","Shrimp Coconut Currys","shrimp coconut currys"
menu-item-name,"136. Shrimp Karma*","136. Shrimp Karma","136. shrimp karma","136. Shrimp Karmas","136. shrimp karmas","Shrimp Karma","shrimp karma","Shrimp Karmas","shrimp karmas"
menu-item-name,"132. Chicken Mushroom Curry*","132. Chicken Mushroom Curry","132. chicken mushroom curry","132. Chicken Mushroom Currys","132. chicken mushroom currys","Chicken Mushroom Curry","chicken mushroom curry","Chicken Mushroom Currys","chicken mushroom currys"
menu-item-name,"134. Garlic Chicken*","134. Garlic Chicken","134. garlic chicken","134. Garlic Chickens","134. garlic chickens","Garlic Chicken","garlic chicken","Garlic Chickens","garlic chickens"
menu-item-name,"137. Chili Chicken*","137. Chili Chicken","137. chili chicken","137. Chili Chickens","137. chili chickens","Chili Chicken","chili chicken","Chili Chickens","chili chickens"
menu-item-name,"95. Tandoori Chicken*","95. Tandoori Chicken","95. tandoori chicken","95. Tandoori Chickens","95. tandoori chickens","Tandoori Chicken","tandoori chicken","Tandoori Chickens","tandoori chickens"
menu-item-name,"98. Boti Kabob*","98. Boti Kabob","98. boti kabob","98. Boti Kabobs","98. boti kabobs","Boti Kabob","boti kabob","Boti Kabobs","boti kabobs"
menu-item-name,"100. Shrimp Tandoori*","100. Shrimp Tandoori","100. shrimp tandoori","100. Shrimp Tandooris","100. shrimp tandooris","Shrimp Tandoori","shrimp tandoori","Shrimp Tandooris","shrimp tandooris"
menu-item-name,"120. Chicken Tikka*","120. Chicken Tikka","120. chicken tikka","120. Chicken Tikkas","120. chicken tikkas","Chicken Tikka","chicken tikka","Chicken Tikkas","chicken tikkas"
menu-item-name,"122. Lamb Chops Kandhahari*","122. Lamb Chops Kandhahari","122. lamb chops kandhahari","122. Lamb Chops Kandhaharis","122. lamb chops kandhaharis","Lamb Chops Kandhahari","lamb chops kandhahari","Lamb Chops Kandhaharis","lamb chops kandhaharis"
menu-item-name,"97. Shish Kebob*","97. Shish Kebob","97. shish kebob","97. Shish Kebobs","97. shish kebobs","Shish Kebob","shish kebob","Shish Kebobs","shish kebobs"
menu-item-name,"99. Tandoori Mixed Grill*","99. Tandoori Mixed Grill","99. tandoori mixed grill","99. Tandoori Mixed Grills","99. tandoori mixed grills","Tandoori Mixed Grill","tandoori mixed grill","Tandoori Mixed Grills","tandoori mixed grills"
menu-item-name,"101. Fish Tandoori*","101. Fish Tandoori","101. fish tandoori","101. Fish Tandooris","101. fish tandooris","Fish Tandoori","fish tandoori","Fish Tandooris","fish tandooris"
menu-item-name,"121. Chicken Lasooni*","121. Chicken Lasooni","121. chicken lasooni","121. Chicken Lasoonis","121. chicken lasoonis","Chicken Lasooni","chicken lasooni","Chicken Lasoonis","chicken lasoonis"
menu-item-name,"140. Plain Rice*","140. Plain Rice","140. plain rice","140. Plain Rices","140. plain rices","Plain Rice","plain rice","Plain Rices","plain rices"
menu-item-name,"142. Peas Pullow*","142. Peas Pullow","142. peas pullow","142. Peas Pullows","142. peas pullows","Peas Pullow","peas pullow","Peas Pullows","peas pullows"
menu-item-name,"144. Chicken Biryani*","144. Chicken Biryani","144. chicken biryani","144. Chicken Biryanis","144. chicken biryanis","Chicken Biryani","chicken biryani","Chicken Biryanis","chicken biryanis"
menu-item-name,"146. Shrimp Biryani*","146. Shrimp Biryani","146. shrimp biryani","146. Shrimp Biryanis","146. shrimp biryanis","Shrimp Biryani","shrimp biryani","Shrimp Biryanis","shrimp biryanis"
menu-item-name,"141. Saffron Rice*","141. Saffron Rice","141. saffron rice","141. Saffron Rices","141. saffron rices","Saffron Rice","saffron rice","Saffron Rices","saffron rices"
menu-item-name,"143. Vegetable Biryani*","143. Vegetable Biryani","143. vegetable biryani","143. Vegetable Biryanis","143. vegetable biryanis","Vegetable Biryani","vegetable biryani","Vegetable Biryanis","vegetable biryanis"
menu-item-name,"145. Lamb Biryani*","145. Lamb Biryani","145. lamb biryani","145. Lamb Biryanis","145. lamb biryanis","Lamb Biryani","lamb biryani","Lamb Biryanis","lamb biryanis"
menu-item-name,"20. Naan*","20. Naan","20. naan","20. Naans","20. naans","Naan","naan","Naans","naans"
menu-item-name,"22. Garlic Naan*","22. Garlic Naan","22. garlic naan","22. Garlic Naans","22. garlic naans","Garlic Naan","garlic naan","Garlic Naans","garlic naans"
menu-item-name,"24. Chapati*","24. Chapati","24. chapati","24. Chapatis","24. chapatis","Chapati","chapati","Chapatis","chapatis"
menu-item-name,"25. Aloo Paratha*","25. Aloo Paratha","25. aloo paratha","25. Aloo Parathas","25. aloo parathas","Aloo Paratha","aloo paratha","Aloo Parathas","aloo parathas"
menu-item-name,"27. Peshawari Naan*","27. Peshawari Naan","27. peshawari naan","27. Peshawari Naans","27. peshawari naans","Peshawari Naan","peshawari naan","Peshawari Naans","peshawari naans"
menu-item-name,"29. Chicken Naan*","29. Chicken Naan","29. chicken naan","29. Chicken Naans","29. chicken naans","Chicken Naan","chicken naan","Chicken Naans","chicken naans"
menu-item-name,"31. Assorted Bread Basket*","31. Assorted Bread Basket","31. assorted bread basket","31. Assorted Bread Baskets","31. assorted bread baskets","Assorted Bread Basket","assorted bread basket","Assorted Bread Baskets","assorted bread baskets"
menu-item-name,"21. Paneer Naan*","21. Paneer Naan","21. paneer naan","21. Paneer Naans","21. paneer naans","Paneer Naan","paneer naan","Paneer Naans","paneer naans"
menu-item-name,"23. Onion Kulcha*","23. Onion Kulcha","23. onion kulcha","23. Onion Kulchas","23. onion kulchas","Onion Kulcha","onion kulcha","Onion Kulchas","onion kulchas"
menu-item-name,"24a. Bhatura*","24a. Bhatura","24a. bhatura","24a. Bhaturas","24a. bhaturas","Bhatura","bhatura","Bhaturas","bhaturas"
menu-item-name,"26. Paratha*","26. Paratha","26. paratha","26. Parathas","26. parathas","Paratha","paratha","Parathas","parathas"
menu-item-name,"28. Kashmiri Naan*","28. Kashmiri Naan","28. kashmiri naan","28. Kashmiri Naans","28. kashmiri naans","Kashmiri Naan","kashmiri naan","Kashmiri Naans","kashmiri naans"
menu-item-name,"30. Keema Naan*","30. Keema Naan","30. keema naan","30. Keema Naans","30. keema naans","Keema Naan","keema naan","Keema Naans","keema naans"
menu-item-name,"32. Spinach Naan*","32. Spinach Naan","32. spinach naan","32. Spinach Naans","32. spinach naans","Spinach Naan","spinach naan","Spinach Naans","spinach naans"
menu-item-name,"111. Kheer*","111. Kheer","111. kheer","111. Kheers","111. kheers","Kheer","kheer","Kheers","kheers"
menu-item-name,"112. Gulab Jamun*","112. Gulab Jamun","112. gulab jamun","112. Gulab Jamuns","112. gulab jamuns","Gulab Jamun","gulab jamun","Gulab Jamuns","gulab jamuns"
menu-item-name,"300. Aquafina Water*","300. Aquafina Water","300. aquafina water","300. Aquafina Waters","300. aquafina waters","Aquafina Water","aquafina water","Aquafina Waters","aquafina waters"
menu-item-name,"300. Lipton Green Tea with Citrus*","300. Lipton Green Tea with Citrus","300. lipton green tea with citrus","300. Lipton Green Tea with Citru","300. lipton green tea with citru","Lipton Green Tea with Citrus","lipton green tea with citrus","Lipton Green Tea with Citru","lipton green tea with citru"
menu-item-name,"300. Soda*","300. Soda","300. soda","300. Sodas","300. sodas","Soda","soda","Sodas","sodas"
menu-item-name,"500. Napkins & Utensils (Each)*","500. Napkins & Utensils (Each)","500. napkins & utensils (each)","500. Napkins & Utensils (Each)s","500. napkins & utensils (each)s","Napkins","napkins","Napkin","napkin","Napkins & Utensils","napkins & utensils","Napkins & Utensil","napkins & utensil"
menu-item-name,"701. Plastic Serving Spoon (Each)*","701. Plastic Serving Spoon (Each)","701. plastic serving spoon (each)","701. Plastic Serving Spoon (Each)s","701. plastic serving spoon (each)s","Plastic Serving Spoon (Each)","plastic serving spoon (each)","Plastic Serving Spoon (Each)s","plastic serving spoon (each)s","Plastic Serving Spoon","plastic serving spoon","Plastic Serving Spoons","plastic serving spoons"
menu-item-name,"701. Plastic Serving Utensil Pack of 3 (Each)*","701. Plastic Serving Utensil Pack of 3 (Each)","701. plastic serving utensil pack of 3 (each)","701. Plastic Serving Utensil Pack of 3 (Each)s","701. plastic serving utensil pack of 3 (each)s","Plastic Serving Utensil Pack of 3 (Each)","plastic serving utensil pack of 3 (each)","Plastic Serving Utensil Pack of 3 (Each)s","plastic serving utensil pack of 3 (each)s","Plastic Serving Utensil Pack of 3","plastic serving utensil pack of 3","Plastic Serving Utensil Pack of 3s","plastic serving utensil pack of 3s"
menu-item-name,"701. Beverage Cup (Each)*","701. Beverage Cup (Each)","701. beverage cup (each)","701. Beverage Cup (Each)s","701. beverage cup (each)s","Beverage Cup (Each)","beverage cup (each)","Beverage Cup (Each)s","beverage cup (each)s","Beverage Cup","beverage cup","Beverage Cups","beverage cups"
menu-item-name,"501. Plate (Each)*","501. Plate (Each)","501. plate (each)","501. Plate (Each)s","501. plate (each)s","Plate (Each)","plate (each)","Plate (Each)s","plate (each)s","Plate","plate","Plates","plates"
menu-item-name,"701. Plastic Serving Fork (Each)*","701. Plastic Serving Fork (Each)","701. plastic serving fork (each)","701. Plastic Serving Fork (Each)s","701. plastic serving fork (each)s","Plastic Serving Fork (Each)","plastic serving fork (each)","Plastic Serving Fork (Each)s","plastic serving fork (each)s","Plastic Serving Fork","plastic serving fork","Plastic Serving Forks","plastic serving forks"
menu-item-name,"701. Bag of Ice (Each)*","701. Bag of Ice (Each)","701. bag of ice (each)","701. Bag of Ice (Each)s","701. bag of ice (each)s","Bag of Ice (Each)","bag of ice (each)","Bag of Ice (Each)s","bag of ice (each)s","Bag of Ice","bag of ice","Bag of Ices","bag of ices"
menu-item-name,"600. Vegetarian Combo Platter (Per Platter)*","600. Vegetarian Combo Platter (Per Platter)","600. vegetarian combo platter (per platter)","600. Vegetarian Combo Platter (Per Platter)s","600. vegetarian combo platter (per platter)s","Vegetarian Combo Platter (Per Platter)","vegetarian combo platter (per platter)","Vegetarian Combo Platter (Per Platter)s","vegetarian combo platter (per platter)s","Vegetarian Combo Platter","vegetarian combo platter","Vegetarian Combo Platters","vegetarian combo platters"
menu-item-name,"602. Meal #1 Platter (Per Person)*","602. Meal #1 Platter (Per Person)","602. meal #1 platter (per person)","602. Meal #1 Platter (Per Person)s","602. meal #1 platter (per person)s","Meal #1 Platter (Per Person)","meal #1 platter (per person)","Meal #1 Platter (Per Person)s","meal #1 platter (per person)s","Meal #1 Platter","meal #1 platter","Meal #1 Platters","meal #1 platters"
menu-item-name,"601. Meat Platter (Per Platter)*","601. Meat Platter (Per Platter)","601. meat platter (per platter)","601. Meat Platter (Per Platter)s","601. meat platter (per platter)s","Meat Platter (Per Platter)","meat platter (per platter)","Meat Platter (Per Platter)s","meat platter (per platter)s","Meat Platter","meat platter","Meat Platters","meat platters"
menu-item-name,"Bottled Water*","Bottled Water","bottled water","Bottled Waters","bottled waters"
menu-item-name,"Santa Fe Chicken Salad*","Santa Fe Chicken Salad","santa fe chicken salad","Santa Fe Chicken Salads","santa fe chicken salads"
menu-item-name,"Chicken Caesar Salad*","Chicken Caesar Salad","chicken caesar salad","Chicken Caesar Salads","chicken caesar salads"
menu-item-name,"Asian Chicken Salad*","Asian Chicken Salad","asian chicken salad","Asian Chicken Salads","asian chicken salads"
menu-item-name,"Farmer`s Market Salad*","Farmer`s Market Salad","farmer`s market salad","Farmer`s Market Salads","farmer`s market salads"
menu-item-name,"Santa Fe Chicken Wrap*","Santa Fe Chicken Wrap","santa fe chicken wrap","Santa Fe Chicken Wraps","santa fe chicken wraps"
menu-item-name,"Chicken Caesar Wrap*","Chicken Caesar Wrap","chicken caesar wrap","Chicken Caesar Wraps","chicken caesar wraps"
menu-item-name,"Viva Veggie Wrap*","Viva Veggie Wrap","viva veggie wrap","Viva Veggie Wraps","viva veggie wraps"
menu-item-name,"Asian Chicken Wrap*","Asian Chicken Wrap","asian chicken wrap","Asian Chicken Wraps","asian chicken wraps"
menu-item-name,"Farmer's Market Wrap*","Farmer's Market Wrap","farmer's market wrap","Farmer's Market Wraps","farmer's market wraps","Farmer","farmer","Farmers","farmers"
menu-item-name,"#2 Ham & Swiss Sandwich*","#2 Ham & Swiss Sandwich","#2 ham & swiss sandwich","#2 Ham & Swiss Sandwichs","#2 ham & swiss sandwichs","#2 Ham","#2 ham","#2 Hams","#2 hams"
menu-item-name,"#20 Albacore Tuna Sandwich*","#20 Albacore Tuna Sandwich","#20 albacore tuna sandwich","#20 Albacore Tuna Sandwichs","#20 albacore tuna sandwichs"
menu-item-name,"#29 Chicken Salad Sandwich*","#29 Chicken Salad Sandwich","#29 chicken salad sandwich","#29 Chicken Salad Sandwichs","#29 chicken salad sandwichs"
menu-item-name,"#16 The Italian Sandwich*","#16 The Italian Sandwich","#16 the italian sandwich","#16 The Italian Sandwichs","#16 the italian sandwichs"
menu-item-name,"#23. Salami & Provolone Sandwich*","#23. Salami & Provolone Sandwich","#23. salami & provolone sandwich","#23. Salami & Provolone Sandwichs","#23. salami & provolone sandwichs","Salami","salami","Salamis","salamis","Salami & Provolone Sandwich","salami & provolone sandwich","Salami & Provolone Sandwichs","salami & provolone sandwichs"
menu-item-name,"#7 Roast Beef Sandwich*","#7 Roast Beef Sandwich","#7 roast beef sandwich","#7 Roast Beef Sandwichs","#7 roast beef sandwichs"
menu-item-name,"#8 Turkey, Roast Beef & Cheddar Sandwich*","#8 Turkey, Roast Beef & Cheddar Sandwich","#8 turkey, roast beef & cheddar sandwich","#8 Turkey, Roast Beef & Cheddar Sandwichs","#8 turkey, roast beef & cheddar sandwichs","#8 Turkey, Roast Beef","#8 turkey, roast beef","#8 Turkey, Roast Beefs","#8 turkey, roast beefs"
menu-item-name,"#3 Turkey & Cheddar Sandwich*","#3 Turkey & Cheddar Sandwich","#3 turkey & cheddar sandwich","#3 Turkey & Cheddar Sandwichs","#3 turkey & cheddar sandwichs","#3 Turkey","#3 turkey","#3 Turkeys","#3 turkeys"
menu-item-name,"#24 Turkey & Avocado Sandwich*","#24 Turkey & Avocado Sandwich","#24 turkey & avocado sandwich","#24 Turkey & Avocado Sandwichs","#24 turkey & avocado sandwichs","#24 Turkey","#24 turkey","#24 Turkeys","#24 turkeys"
menu-item-name,"#5 Turkey & Cranberry Sandwich*","#5 Turkey & Cranberry Sandwich","#5 turkey & cranberry sandwich","#5 Turkey & Cranberry Sandwichs","#5 turkey & cranberry sandwichs","#5 Turkey","#5 turkey","#5 Turkeys","#5 turkeys"
menu-item-name,"#26 Turkey, Ham & Cheddar Sandwich*","#26 Turkey, Ham & Cheddar Sandwich","#26 turkey, ham & cheddar sandwich","#26 Turkey, Ham & Cheddar Sandwichs","#26 turkey, ham & cheddar sandwichs","#26 Turkey, Ham","#26 turkey, ham","#26 Turkey, Hams","#26 turkey, hams"
menu-item-name,"#9 Pastrami Sandwich*","#9 Pastrami Sandwich","#9 pastrami sandwich","#9 Pastrami Sandwichs","#9 pastrami sandwichs"
menu-item-name,"#32 Pepper Jack Pastrami Toast*","#32 Pepper Jack Pastrami Toast","#32 pepper jack pastrami toast","#32 Pepper Jack Pastrami Toasts","#32 pepper jack pastrami toasts"
menu-item-name,"#36 California Club*","#36 California Club","#36 california club","#36 California Clubs","#36 california clubs"
menu-item-name,"#1 Chicken Sandwich*","#1 Chicken Sandwich","#1 chicken sandwich","#1 Chicken Sandwichs","#1 chicken sandwichs"
menu-item-name,"#10 Pastrami Reuben*","#10 Pastrami Reuben","#10 pastrami reuben","#10 Pastrami Reubens","#10 pastrami reubens"
menu-item-name,"#31 Clubhouse*","#31 Clubhouse","#31 clubhouse","#31 Clubhouses","#31 clubhouses"
menu-item-name,"#33 Triple Dip Sandwich*","#33 Triple Dip Sandwich","#33 triple dip sandwich","#33 Triple Dip Sandwichs","#33 triple dip sandwichs"
menu-item-name,"#14 Hummus Sandwich*","#14 Hummus Sandwich","#14 hummus sandwich","#14 Hummus Sandwichs","#14 hummus sandwichs"
menu-item-name,"#21 Avocado & Provolone Sandwich*","#21 Avocado & Provolone Sandwich","#21 avocado & provolone sandwich","#21 Avocado & Provolone Sandwichs","#21 avocado & provolone sandwichs","#21 Avocado","#21 avocado","#21 Avocados","#21 avocados"
menu-item-name,"#15 Viva Veggie Sandwich*","#15 Viva Veggie Sandwich","#15 viva veggie sandwich","#15 Viva Veggie Sandwichs","#15 viva veggie sandwichs"
menu-item-name,"#22 Cheese Sandwich*","#22 Cheese Sandwich","#22 cheese sandwich","#22 Cheese Sandwichs","#22 cheese sandwichs"
menu-item-name,"Chips*","Chips","chips","Chip","chip"
menu-item-name,"Chocolate Chunk Brownie*","Chocolate Chunk Brownie","chocolate chunk brownie","Chocolate Chunk Brownies","chocolate chunk brownies"
menu-item-name,"Cookies*","Cookies","cookies","Cookie","cookie"
menu-item-name,"750. Favorite Tastes Tray (Per Platter)*","750. Favorite Tastes Tray (Per Platter)","750. favorite tastes tray (per platter)","750. Favorite Tastes Tray (Per Platter)s","750. favorite tastes tray (per platter)s","Favorite Tastes Tray (Per Platter)","favorite tastes tray (per platter)","Favorite Tastes Tray (Per Platter)s","favorite tastes tray (per platter)s","Favorite Tastes Tray","favorite tastes tray","Favorite Tastes Trays","favorite tastes trays"
menu-item-name,"752. Create Your Own Tastes Tray (Per Platter)*","752. Create Your Own Tastes Tray (Per Platter)","752. create your own tastes tray (per platter)","752. Create Your Own Tastes Tray (Per Platter)s","752. create your own tastes tray (per platter)s","Create Your Own Tastes Tray (Per Platter)","create your own tastes tray (per platter)","Create Your Own Tastes Tray (Per Platter)s","create your own tastes tray (per platter)s","Create Your Own Tastes Tray","create your own tastes tray","Create Your Own Tastes Trays","create your own tastes trays"
menu-item-name,"751. California Tastes Tray (Per Platter)*","751. California Tastes Tray (Per Platter)","751. california tastes tray (per platter)","751. California Tastes Tray (Per Platter)s","751. california tastes tray (per platter)s","California Tastes Tray (Per Platter)","california tastes tray (per platter)","California Tastes Tray (Per Platter)s","california tastes tray (per platter)s","California Tastes Tray","california tastes tray","California Tastes Trays","california tastes trays"
menu-item-name,"600. Asian Chicken Salad Platter (Per Platter)*","600. Asian Chicken Salad Platter (Per Platter)","600. asian chicken salad platter (per platter)","600. Asian Chicken Salad Platter (Per Platter)s","600. asian chicken salad platter (per platter)s","Asian Chicken Salad Platter (Per Platter)","asian chicken salad platter (per platter)","Asian Chicken Salad Platter (Per Platter)s","asian chicken salad platter (per platter)s","Asian Chicken Salad Platter","asian chicken salad platter","Asian Chicken Salad Platters","asian chicken salad platters"
menu-item-name,"602. Farmer`s Market Salad Platter (Per Platter)*","602. Farmer`s Market Salad Platter (Per Platter)","602. farmer`s market salad platter (per platter)","602. Farmer`s Market Salad Platter (Per Platter)s","602. farmer`s market salad platter (per platter)s","Farmer`s Market Salad Platter (Per Platter)","farmer`s market salad platter (per platter)","Farmer`s Market Salad Platter (Per Platter)s","farmer`s market salad platter (per platter)s","Farmer`s Market Salad Platter","farmer`s market salad platter","Farmer`s Market Salad Platters","farmer`s market salad platters"
menu-item-name,"601. Roasted Chicken Caesar Platter (Per Platter)*","601. Roasted Chicken Caesar Platter (Per Platter)","601. roasted chicken caesar platter (per platter)","601. Roasted Chicken Caesar Platter (Per Platter)s","601. roasted chicken caesar platter (per platter)s","Roasted Chicken Caesar Platter (Per Platter)","roasted chicken caesar platter (per platter)","Roasted Chicken Caesar Platter (Per Platter)s","roasted chicken caesar platter (per platter)s","Roasted Chicken Caesar Platter","roasted chicken caesar platter","Roasted Chicken Caesar Platters","roasted chicken caesar platters"
menu-item-name,"603. Santa Fe Salad (Per Platter)*","603. Santa Fe Salad (Per Platter)","603. santa fe salad (per platter)","603. Santa Fe Salad (Per Platter)s","603. santa fe salad (per platter)s","Santa Fe Salad (Per Platter)","santa fe salad (per platter)","Santa Fe Salad (Per Platter)s","santa fe salad (per platter)s","Santa Fe Salad","santa fe salad","Santa Fe Salads","santa fe salads"
menu-item-name,"625. Cut Vegetables (Per Platter)*","625. Cut Vegetables (Per Platter)","625. cut vegetables (per platter)","625. Cut Vegetables (Per Platter)s","625. cut vegetables (per platter)s","Cut Vegetables (Per Platter)","cut vegetables (per platter)","Cut Vegetables (Per Platter)s","cut vegetables (per platter)s","Cut Vegetables","cut vegetables","Cut Vegetable","cut vegetable"
menu-item-name,"626. Seasonal Fruit Tray (Per Platter)*","626. Seasonal Fruit Tray (Per Platter)","626. seasonal fruit tray (per platter)","626. Seasonal Fruit Tray (Per Platter)s","626. seasonal fruit tray (per platter)s","Seasonal Fruit Tray (Per Platter)","seasonal fruit tray (per platter)","Seasonal Fruit Tray (Per Platter)s","seasonal fruit tray (per platter)s","Seasonal Fruit Tray","seasonal fruit tray","Seasonal Fruit Trays","seasonal fruit trays"
menu-item-name,"615. Favorite Tastes Tray (Per Platter)*","615. Favorite Tastes Tray (Per Platter)","615. favorite tastes tray (per platter)","615. Favorite Tastes Tray (Per Platter)s","615. favorite tastes tray (per platter)s","Favorite Tastes Tray (Per Platter)","favorite tastes tray (per platter)","Favorite Tastes Tray (Per Platter)s","favorite tastes tray (per platter)s","Favorite Tastes Tray","favorite tastes tray","Favorite Tastes Trays","favorite tastes trays"
menu-item-name,"617. Create Your Own Tastes Tray (Per Platter)*","617. Create Your Own Tastes Tray (Per Platter)","617. create your own tastes tray (per platter)","617. Create Your Own Tastes Tray (Per Platter)s","617. create your own tastes tray (per platter)s","Create Your Own Tastes Tray (Per Platter)","create your own tastes tray (per platter)","Create Your Own Tastes Tray (Per Platter)s","create your own tastes tray (per platter)s","Create Your Own Tastes Tray","create your own tastes tray","Create Your Own Tastes Trays","create your own tastes trays"
menu-item-name,"616. California Tastes Tray (Per Platter)*","616. California Tastes Tray (Per Platter)","616. california tastes tray (per platter)","616. California Tastes Tray (Per Platter)s","616. california tastes tray (per platter)s","California Tastes Tray (Per Platter)","california tastes tray (per platter)","California Tastes Tray (Per Platter)s","california tastes tray (per platter)s","California Tastes Tray","california tastes tray","California Tastes Trays","california tastes trays"
menu-item-name,"611. Deluxe Meat & Cheese Tray (Per Platter)*","611. Deluxe Meat & Cheese Tray (Per Platter)","611. deluxe meat & cheese tray (per platter)","611. Deluxe Meat & Cheese Tray (Per Platter)s","611. deluxe meat & cheese tray (per platter)s","Deluxe Meat","deluxe meat","Deluxe Meats","deluxe meats","Deluxe Meat & Cheese Tray","deluxe meat & cheese tray","Deluxe Meat & Cheese Trays","deluxe meat & cheese trays"
menu-item-name,"613. Famous Breads (Per Platter)*","613. Famous Breads (Per Platter)","613. famous breads (per platter)","613. Famous Breads (Per Platter)s","613. famous breads (per platter)s","Famous Breads (Per Platter)","famous breads (per platter)","Famous Breads (Per Platter)s","famous breads (per platter)s","Famous Breads","famous breads","Famous Bread","famous bread"
menu-item-name,"612. Sandwich Fixings (Per Platter)*","612. Sandwich Fixings (Per Platter)","612. sandwich fixings (per platter)","612. Sandwich Fixings (Per Platter)s","612. sandwich fixings (per platter)s","Sandwich Fixings (Per Platter)","sandwich fixings (per platter)","Sandwich Fixings (Per Platter)s","sandwich fixings (per platter)s","Sandwich Fixings","sandwich fixings","Sandwich Fixing","sandwich fixing"
menu-item-name,"630. Cookie Tray (Per Platter)*","630. Cookie Tray (Per Platter)","630. cookie tray (per platter)","630. Cookie Tray (Per Platter)s","630. cookie tray (per platter)s","Cookie Tray (Per Platter)","cookie tray (per platter)","Cookie Tray (Per Platter)s","cookie tray (per platter)s","Cookie Tray","cookie tray","Cookie Trays","cookie trays"
menu-item-name,"632. Mixed Cookie & Brownie Tray (Per Platter)*","632. Mixed Cookie & Brownie Tray (Per Platter)","632. mixed cookie & brownie tray (per platter)","632. Mixed Cookie & Brownie Tray (Per Platter)s","632. mixed cookie & brownie tray (per platter)s","Mixed Cookie","mixed cookie","Mixed Cookies","mixed cookies","Mixed Cookie & Brownie Tray","mixed cookie & brownie tray","Mixed Cookie & Brownie Trays","mixed cookie & brownie trays"
menu-item-name,"631. Brownie Tray (Per Platter)*","631. Brownie Tray (Per Platter)","631. brownie tray (per platter)","631. Brownie Tray (Per Platter)s","631. brownie tray (per platter)s","Brownie Tray (Per Platter)","brownie tray (per platter)","Brownie Tray (Per Platter)s","brownie tray (per platter)s","Brownie Tray","brownie tray","Brownie Trays","brownie trays"
menu-item-name,"633. Bag of Chips (Each)*","633. Bag of Chips (Each)","633. bag of chips (each)","633. Bag of Chips (Each)s","633. bag of chips (each)s","Bag of Chips (Each)","bag of chips (each)","Bag of Chips (Each)s","bag of chips (each)s","Bag of Chips","bag of chips","Bag of Chip","bag of chip"
menu-item-name,"500. Napkins & Utensils (Each)*","500. Napkins & Utensils (Each)","500. napkins & utensils (each)","500. Napkins & Utensils (Each)s","500. napkins & utensils (each)s","Napkins","napkins","Napkin","napkin","Napkins & Utensils","napkins & utensils","Napkins & Utensil","napkins & utensil"
menu-item-name,"701. Plastic Serving Spoon (Each)*","701. Plastic Serving Spoon (Each)","701. plastic serving spoon (each)","701. Plastic Serving Spoon (Each)s","701. plastic serving spoon (each)s","Plastic Serving Spoon (Each)","plastic serving spoon (each)","Plastic Serving Spoon (Each)s","plastic serving spoon (each)s","Plastic Serving Spoon","plastic serving spoon","Plastic Serving Spoons","plastic serving spoons"
menu-item-name,"701. Plastic Serving Utensil Pack (Pack of 3)*","701. Plastic Serving Utensil Pack (Pack of 3)","701. plastic serving utensil pack (pack of 3)","701. Plastic Serving Utensil Pack (Pack of 3)s","701. plastic serving utensil pack (pack of 3)s","Plastic Serving Utensil Pack (Pack of 3)","plastic serving utensil pack (pack of 3)","Plastic Serving Utensil Pack (Pack of 3)s","plastic serving utensil pack (pack of 3)s","Plastic Serving Utensil Pack","plastic serving utensil pack","Plastic Serving Utensil Packs","plastic serving utensil packs"
menu-item-name,"701. Beverage Cup (Each)*","701. Beverage Cup (Each)","701. beverage cup (each)","701. Beverage Cup (Each)s","701. beverage cup (each)s","Beverage Cup (Each)","beverage cup (each)","Beverage Cup (Each)s","beverage cup (each)s","Beverage Cup","beverage cup","Beverage Cups","beverage cups"
menu-item-name,"501. Plate (Each)*","501. Plate (Each)","501. plate (each)","501. Plate (Each)s","501. plate (each)s","Plate (Each)","plate (each)","Plate (Each)s","plate (each)s","Plate","plate","Plates","plates"
menu-item-name,"701. Plastic Serving Fork (Each)*","701. Plastic Serving Fork (Each)","701. plastic serving fork (each)","701. Plastic Serving Fork (Each)s","701. plastic serving fork (each)s","Plastic Serving Fork (Each)","plastic serving fork (each)","Plastic Serving Fork (Each)s","plastic serving fork (each)s","Plastic Serving Fork","plastic serving fork","Plastic Serving Forks","plastic serving forks"
menu-item-name,"701. Bag of Ice (Each)*","701. Bag of Ice (Each)","701. bag of ice (each)","701. Bag of Ice (Each)s","701. bag of ice (each)s","Bag of Ice (Each)","bag of ice (each)","Bag of Ice (Each)s","bag of ice (each)s","Bag of Ice","bag of ice","Bag of Ices","bag of ices"