menu-item-name,"Ichiban Roll","Ichiban Roll","ichiban roll"
menu-item-name,"K-Pop Roll","K-Pop Roll","k-pop roll"
menu-item-name,"Red Dragon Roll","Red Dragon Roll","red dragon roll","Red Dragon","red dragon"
menu-item-name,"Ninja Roll","Ninja Roll","ninja roll"
menu-item-name,"Giant Roll","Giant Roll","giant roll"
menu-item-name,"Dynamite Roll","Dynamite Roll","dynamite roll"
menu-item-name,"Rainbow Roll","Rainbow Roll","rainbow roll"
menu-item-name,"Red and White Roll","Red and White Roll","red and white roll","Red and","red and"
menu-item-name,"GoGo Roll","GoGo Roll","gogo roll"
menu-item-name,"Coit Tower Roll","Coit Tower Roll","coit tower roll","Coit Tower","coit tower"
menu-item-name,"J-Town Roll","J-Town Roll","j-town roll"
menu-item-name,"Kamikaze Roll","Kamikaze Roll","kamikaze roll"
menu-item-name,"Sakura Roll","Sakura Roll","sakura roll"
menu-item-name,"Swamp Roll","Swamp Roll","swamp roll"
menu-item-name,"Dragon Roll","Dragon Roll","dragon roll"
menu-item-name,"49'er Roll","49'er Roll","49'er roll"
menu-item-name,"Island Roll","Island Roll","island roll"
menu-item-name,"San Francisco Roll","San Francisco Roll","san francisco roll","San Francisco","san francisco"
menu-item-name,"Lion King Roll","Lion King Roll","lion king roll","Lion King","lion king"
menu-item-name,"Mixed Maki","Mixed Maki","mixed maki"
menu-item-name,"Hamchi Sashimi","Hamchi Sashimi","hamchi sashimi"
menu-item-name,"Tekka Don","Tekka Don","tekka don"
menu-item-name,"Nigiri Sushi","Nigiri Sushi","nigiri sushi"
menu-item-name,"Moriawase","Moriawase","moriawase"
menu-item-name,"Deluxe Sushi","Deluxe Sushi","deluxe sushi"
menu-item-name,"Sashimi","Sashimi","sashimi"
menu-item-name,"Chirashi","Chirashi","chirashi"
menu-item-name,"Hamachi Don","Hamachi Don","hamachi don"
menu-item-name,"Korean Chirashi","Korean Chirashi","korean chirashi"
menu-item-name,"Deluxe Sashimi","Deluxe Sashimi","deluxe sashimi"
menu-item-name,"Small Green Salad","Small Green Salad","small green salad","Small Green","small green"
menu-item-name,"Tsuke-Mono","Tsuke-Mono","tsuke-mono"
menu-item-name,"Miso Soup with Seaweed and Tofu","Miso Soup with Seaweed and Tofu","miso soup with seaweed and tofu","Miso Soup","miso soup"
menu-item-name,"Side of White Steamed Rice","Side of White Steamed Rice","side of white steamed rice","Side of","side of"
menu-item-name,"Large Green Salad","Large Green Salad","large green salad","Large Green","large green"
menu-item-name,"Miso Soup with Tofu","Miso Soup with Tofu","miso soup with tofu","Miso Soup","miso soup"
menu-item-name,"Miso Soup with Clam","Miso Soup with Clam","miso soup with clam","Miso Soup","miso soup"
menu-item-name,"Side of Brown Steamed Rice","Side of Brown Steamed Rice","side of brown steamed rice","Side of","side of"
menu-item-name,"Cater. Roll Platter","Cater. Roll Platter","cater. roll platter","Roll Platter","roll platter"
menu-item-name,"Cater. Roll & Sushi Combo Platter","Cater. Roll & Sushi Combo Platter","cater. roll & sushi combo platter","Roll","roll","Roll & Sushi Combo Platter","roll & sushi combo platter","Roll &","roll &"
menu-item-name,"21. Chicken Chipotle Salad","21. Chicken Chipotle Salad","21. chicken chipotle salad","Chicken Chipotle Salad","chicken chipotle salad","Chicken Chipotle","chicken chipotle"
menu-item-name,"23. Rainbow Salad","23. Rainbow Salad","23. rainbow salad","Rainbow Salad","rainbow salad"
menu-item-name,"25. Thai Chicken Salad","25. Thai Chicken Salad","25. thai chicken salad","Thai Chicken Salad","thai chicken salad","Thai Chicken","thai chicken"
menu-item-name,"27. Classic Caesar Salad (Side)","27. Classic Caesar Salad (Side)","27. classic caesar salad (side)","Classic Caesar Salad (Side)","classic caesar salad (side)","Classic Caesar Salad","classic caesar salad","Classic Caesar","classic caesar"
menu-item-name,"22. Cobb Salad","22. Cobb Salad","22. cobb salad","Cobb Salad","cobb salad"
menu-item-name,"24. Chicken Caesar Salad","24. Chicken Caesar Salad","24. chicken caesar salad","Chicken Caesar Salad","chicken caesar salad","Chicken Caesar","chicken caesar"
menu-item-name,"26. Mixed Greens Salad (Side)","26. Mixed Greens Salad (Side)","26. mixed greens salad (side)","Mixed Greens Salad (Side)","mixed greens salad (side)","Mixed Greens Salad","mixed greens salad","Mixed Greens","mixed greens"
menu-item-name,"28. Spinach Salad (Side)","28. Spinach Salad (Side)","28. spinach salad (side)","Spinach Salad (Side)","spinach salad (side)","Spinach Salad","spinach salad"
menu-item-name,"11. Grandma Mary`s Chicken Soup","11. Grandma Mary`s Chicken Soup","11. grandma mary`s chicken soup","Grandma Mary`s Chicken Soup","grandma mary`s chicken soup","Grandma Mary`s","grandma mary`s"
menu-item-name,"13. New England Clam Chowder","13. New England Clam Chowder","13. new england clam chowder","New England Clam Chowder","new england clam chowder","New England","new england"
menu-item-name,"15. Organic Southwestern Corn Chowder","15. Organic Southwestern Corn Chowder","15. organic southwestern corn chowder","Organic Southwestern Corn Chowder","organic southwestern corn chowder","Organic Southwestern","organic southwestern"
menu-item-name,"17. Organic Tomato Bisque Soup","17. Organic Tomato Bisque Soup","17. organic tomato bisque soup","Organic Tomato Bisque Soup","organic tomato bisque soup","Organic Tomato","organic tomato"
menu-item-name,"12. Mexican Chicken Tortilla Soup","12. Mexican Chicken Tortilla Soup","12. mexican chicken tortilla soup","Mexican Chicken Tortilla Soup","mexican chicken tortilla soup","Mexican Chicken","mexican chicken"
menu-item-name,"14. Organic Smoky Split Pea Soup","14. Organic Smoky Split Pea Soup","14. organic smoky split pea soup","Organic Smoky Split Pea Soup","organic smoky split pea soup","Organic Smoky","organic smoky"
menu-item-name,"16. Turkey Chili","16. Turkey Chili","16. turkey chili","Turkey Chili","turkey chili"
menu-item-name,"45. Roasted Turkey Sandwich (Half)","45. Roasted Turkey Sandwich (Half)","45. roasted turkey sandwich (half)","Roasted Turkey Sandwich (Half)","roasted turkey sandwich (half)","Roasted Turkey Sandwich","roasted turkey sandwich","Roasted Turkey","roasted turkey"
menu-item-name,"47. Tuna Salad Sandwich (Half)","47. Tuna Salad Sandwich (Half)","47. tuna salad sandwich (half)","Tuna Salad Sandwich (Half)","tuna salad sandwich (half)","Tuna Salad Sandwich","tuna salad sandwich","Tuna Salad","tuna salad"
menu-item-name,"49. Roast Beef Sandwich (Half)","49. Roast Beef Sandwich (Half)","49. roast beef sandwich (half)","Roast Beef Sandwich (Half)","roast beef sandwich (half)","Roast Beef Sandwich","roast beef sandwich","Roast Beef","roast beef"
menu-item-name,"52. Hummus Sandwich (Half)","52. Hummus Sandwich (Half)","52. hummus sandwich (half)","Hummus Sandwich (Half)","hummus sandwich (half)","Hummus Sandwich","hummus sandwich"
menu-item-name,"46. Turkey Pesto Sandwich (Half)","46. Turkey Pesto Sandwich (Half)","46. turkey pesto sandwich (half)","Turkey Pesto Sandwich (Half)","turkey pesto sandwich (half)","Turkey Pesto Sandwich","turkey pesto sandwich","Turkey Pesto","turkey pesto"
menu-item-name,"48. Grilled Chicken Ciabatta Sandwich (Half)","48. Grilled Chicken Ciabatta Sandwich (Half)","48. grilled chicken ciabatta sandwich (half)","Grilled Chicken Ciabatta Sandwich (Half)","grilled chicken ciabatta sandwich (half)","Grilled Chicken Ciabatta Sandwich","grilled chicken ciabatta sandwich","Grilled Chicken","grilled chicken"
menu-item-name,"51. Egg Salad Sandwich (Half)","51. Egg Salad Sandwich (Half)","51. egg salad sandwich (half)","Egg Salad Sandwich (Half)","egg salad sandwich (half)","Egg Salad Sandwich","egg salad sandwich","Egg Salad","egg salad"
menu-item-name,"53. California Veggie Cheddar Sandwich (Half)","53. California Veggie Cheddar Sandwich (Half)","53. california veggie cheddar sandwich (half)","California Veggie Cheddar Sandwich (Half)","california veggie cheddar sandwich (half)","California Veggie Cheddar Sandwich","california veggie cheddar sandwich","California Veggie","california veggie"
menu-item-name,"35. Lunch Bag Combo Regular Soup & Half Sandwich","35. Lunch Bag Combo Regular Soup & Half Sandwich","35. lunch bag combo regular soup & half sandwich","Lunch Bag Combo Regular Soup","lunch bag combo regular soup","Lunch Bag Combo Regular Soup & Half Sandwich","lunch bag combo regular soup & half sandwich","Lunch Bag","lunch bag"
menu-item-name,"37. Lunch Bag Combo Regular Soup & Salad","37. Lunch Bag Combo Regular Soup & Salad","37. lunch bag combo regular soup & salad","Lunch Bag Combo Regular Soup","lunch bag combo regular soup","Lunch Bag Combo Regular Soup & Salad","lunch bag combo regular soup & salad","Lunch Bag","lunch bag"
menu-item-name,"39. Lunch Bag Combo Sandwich & Salad","39. Lunch Bag Combo Sandwich & Salad","39. lunch bag combo sandwich & salad","Lunch Bag Combo Sandwich","lunch bag combo sandwich","Lunch Bag Combo Sandwich & Salad","lunch bag combo sandwich & salad","Lunch Bag","lunch bag"
menu-item-name,"36. Lunch Bag Combo Large Soup & Half Sandwich","36. Lunch Bag Combo Large Soup & Half Sandwich","36. lunch bag combo large soup & half sandwich","Lunch Bag Combo Large Soup","lunch bag combo large soup","Lunch Bag Combo Large Soup & Half Sandwich","lunch bag combo large soup & half sandwich","Lunch Bag","lunch bag"
menu-item-name,"38. Lunch Bag Combo Large Soup & Salad","38. Lunch Bag Combo Large Soup & Salad","38. lunch bag combo large soup & salad","Lunch Bag Combo Large Soup","lunch bag combo large soup","Lunch Bag Combo Large Soup & Salad","lunch bag combo large soup & salad","Lunch Bag","lunch bag"
menu-item-name,"40. Lunch Bag Combo Whole Sandwich","40. Lunch Bag Combo Whole Sandwich","40. lunch bag combo whole sandwich","Lunch Bag Combo Whole Sandwich","lunch bag combo whole sandwich","Lunch Bag","lunch bag"
menu-item-name,"55. Assorted Chips","55. Assorted Chips","55. assorted chips","Assorted Chips","assorted chips"
menu-item-name,"60. Cookie","60. Cookie","60. cookie","Cookie","cookie"
menu-item-name,"61. Chocolate Cake","61. Chocolate Cake","61. chocolate cake","Chocolate Cake","chocolate cake"
menu-item-name,"610. CATERING MIXED GREENS SALAD BOWL (PER BOWL)","610. CATERING MIXED GREENS SALAD BOWL (PER BOWL)","610. catering mixed greens salad bowl (per bowl)","CATERING MIXED GREENS SALAD BOWL (PER BOWL)","catering mixed greens salad bowl (per bowl)","CATERING MIXED GREENS SALAD BOWL","catering mixed greens salad bowl","CATERING MIXED","catering mixed"
menu-item-name,"613. CATERING FRUIT SALAD BOWL (PER BOWL)","613. CATERING FRUIT SALAD BOWL (PER BOWL)","613. catering fruit salad bowl (per bowl)","CATERING FRUIT SALAD BOWL (PER BOWL)","catering fruit salad bowl (per bowl)","CATERING FRUIT SALAD BOWL","catering fruit salad bowl","CATERING FRUIT","catering fruit"
menu-item-name,"616. CATERING CHICKEN CHIPOTLE SALAD BOWL (PER BOWL)","616. CATERING CHICKEN CHIPOTLE SALAD BOWL (PER BOWL)","616. catering chicken chipotle salad bowl (per bowl)","CATERING CHICKEN CHIPOTLE SALAD BOWL (PER BOWL)","catering chicken chipotle salad bowl (per bowl)","CATERING CHICKEN CHIPOTLE SALAD BOWL","catering chicken chipotle salad bowl","CATERING CHICKEN","catering chicken"
menu-item-name,"619. CATERING RAINBOW SALAD BOWL (PER BOWL)","619. CATERING RAINBOW SALAD BOWL (PER BOWL)","619. catering rainbow salad bowl (per bowl)","CATERING RAINBOW SALAD BOWL (PER BOWL)","catering rainbow salad bowl (per bowl)","CATERING RAINBOW SALAD BOWL","catering rainbow salad bowl","CATERING RAINBOW","catering rainbow"
menu-item-name,"622. CATERING CHICKEN CAESAR SALAD BOWL (PER BOWL)","622. CATERING CHICKEN CAESAR SALAD BOWL (PER BOWL)","622. catering chicken caesar salad bowl (per bowl)","CATERING CHICKEN CAESAR SALAD BOWL (PER BOWL)","catering chicken caesar salad bowl (per bowl)","CATERING CHICKEN CAESAR SALAD BOWL","catering chicken caesar salad bowl","CATERING CHICKEN","catering chicken"
menu-item-name,"611. CATERING CLASSIC CAESAR SALAD BOWL (PER BOWL)","611. CATERING CLASSIC CAESAR SALAD BOWL (PER BOWL)","611. catering classic caesar salad bowl (per bowl)","CATERING CLASSIC CAESAR SALAD BOWL (PER BOWL)","catering classic caesar salad bowl (per bowl)","CATERING CLASSIC CAESAR SALAD BOWL","catering classic caesar salad bowl","CATERING CLASSIC","catering classic"
menu-item-name,"615. CATERING GREEK SALAD BOWL (PER BOWL)","615. CATERING GREEK SALAD BOWL (PER BOWL)","615. catering greek salad bowl (per bowl)","CATERING GREEK SALAD BOWL (PER BOWL)","catering greek salad bowl (per bowl)","CATERING GREEK SALAD BOWL","catering greek salad bowl","CATERING GREEK","catering greek"
menu-item-name,"617. CATERING COBB SALAD BOWL (PER BOWL)","617. CATERING COBB SALAD BOWL (PER BOWL)","617. catering cobb salad bowl (per bowl)","CATERING COBB SALAD BOWL (PER BOWL)","catering cobb salad bowl (per bowl)","CATERING COBB SALAD BOWL","catering cobb salad bowl","CATERING COBB","catering cobb"
menu-item-name,"621. CATERING THAI  PEANUT CHICKEN SALAD","621. CATERING THAI  PEANUT CHICKEN SALAD","621. catering thai  peanut chicken salad","CATERING THAI  PEANUT CHICKEN SALAD","catering thai  peanut chicken salad","CATERING THAI","catering thai"
menu-item-name,"630. CATERING REGULAR SOUP SAMPLER PLATTER (PER PLATTER)","630. CATERING REGULAR SOUP SAMPLER PLATTER (PER PLATTER)","630. catering regular soup sampler platter (per platter)","CATERING REGULAR SOUP SAMPLER PLATTER (PER PLATTER)","catering regular soup sampler platter (per platter)","CATERING REGULAR SOUP SAMPLER PLATTER","catering regular soup sampler platter","CATERING REGULAR","catering regular"
menu-item-name,"633. CATERING HALF SANDWICH PLATTER (PER PLATTER)","633. CATERING HALF SANDWICH PLATTER (PER PLATTER)","633. catering half sandwich platter (per platter)","CATERING HALF SANDWICH PLATTER (PER PLATTER)","catering half sandwich platter (per platter)","CATERING HALF SANDWICH PLATTER","catering half sandwich platter","CATERING HALF","catering half"
menu-item-name,"630. CATERING LARGE SOUP SAMPLER PLATTER (PER PLATTER)","630. CATERING LARGE SOUP SAMPLER PLATTER (PER PLATTER)","630. catering large soup sampler platter (per platter)","CATERING LARGE SOUP SAMPLER PLATTER (PER PLATTER)","catering large soup sampler platter (per platter)","CATERING LARGE SOUP SAMPLER PLATTER","catering large soup sampler platter","CATERING LARGE","catering large"
menu-item-name,"632. CATERING LARGE SOUP & HALF SANDWICH PLATTER (PER PLATTER)","632. CATERING LARGE SOUP & HALF SANDWICH PLATTER (PER PLATTER)","632. catering large soup & half sandwich platter (per platter)","CATERING LARGE SOUP","catering large soup","CATERING LARGE SOUP & HALF SANDWICH PLATTER","catering large soup & half sandwich platter","CATERING LARGE","catering large"
menu-item-name,"Oatmeal","Oatmeal","oatmeal"
menu-item-name,"1. Vegetable Samosa ","1. Vegetable Samosa ","1. vegetable samosa ","Vegetable Samosa ","vegetable samosa ","Vegetable Samosa","vegetable samosa"
menu-item-name,"3. Vegetable Pakora","3. Vegetable Pakora","3. vegetable pakora","Vegetable Pakora","vegetable pakora"
menu-item-name,"5. Shrimp Pakora ","5. Shrimp Pakora ","5. shrimp pakora ","Shrimp Pakora ","shrimp pakora ","Shrimp Pakora","shrimp pakora"
menu-item-name,"8. Assorted Vegetable Platter","8. Assorted Vegetable Platter","8. assorted vegetable platter","Assorted Vegetable Platter","assorted vegetable platter","Assorted Vegetable","assorted vegetable"
menu-item-name,"10. Papadums ","10. Papadums ","10. papadums ","Papadums ","papadums ","Papadums","papadums"
menu-item-name,"12. Paneer Pakora ","12. Paneer Pakora ","12. paneer pakora ","Paneer Pakora ","paneer pakora ","Paneer Pakora","paneer pakora"
menu-item-name,"2. Onion Bhaji ","2. Onion Bhaji ","2. onion bhaji ","Onion Bhaji ","onion bhaji ","Onion Bhaji","onion bhaji"
menu-item-name,"4. Chicken Pakora","4. Chicken Pakora","4. chicken pakora","Chicken Pakora","chicken pakora"
menu-item-name,"6. Fish Pakora","6. Fish Pakora","6. fish pakora","Fish Pakora","fish pakora"
menu-item-name,"9. Assorted Appetizer Plate","9. Assorted Appetizer Plate","9. assorted appetizer plate","Assorted Appetizer Plate","assorted appetizer plate","Assorted Appetizer","assorted appetizer"
menu-item-name,"11. Spicy Chicken Wings","11. Spicy Chicken Wings","11. spicy chicken wings","Spicy Chicken Wings","spicy chicken wings","Spicy Chicken","spicy chicken"
menu-item-name,"14. Buddha Salad","14. Buddha Salad","14. buddha salad","Buddha Salad","buddha salad"
menu-item-name,"15. Cream of Chicken Soup","15. Cream of Chicken Soup","15. cream of chicken soup","Cream of Chicken Soup","cream of chicken soup","Cream of","cream of"
menu-item-name,"15b. Cream of Tomato Soup","15b. Cream of Tomato Soup","15b. cream of tomato soup","Cream of Tomato Soup","cream of tomato soup","Cream of","cream of"
menu-item-name,"18. Mango Chutney","18. Mango Chutney","18. mango chutney","Mango Chutney","mango chutney"
menu-item-name,"14a. Chicken Tikka Salad","14a. Chicken Tikka Salad","14a. chicken tikka salad","Chicken Tikka Salad","chicken tikka salad","Chicken Tikka","chicken tikka"
menu-item-name,"15a. Mulligatawny Soup","15a. Mulligatawny Soup","15a. mulligatawny soup","Mulligatawny Soup","mulligatawny soup"
menu-item-name,"17. Mixed Pickles","17. Mixed Pickles","17. mixed pickles","Mixed Pickles","mixed pickles"
menu-item-name,"19. Raita","19. Raita","19. raita","Raita","raita"
menu-item-name,"82. Chana Masala","82. Chana Masala","82. chana masala","Chana Masala","chana masala"
menu-item-name,"92. Vegetable Jalfrazzi","92. Vegetable Jalfrazzi","92. vegetable jalfrazzi","Vegetable Jalfrazzi","vegetable jalfrazzi"
menu-item-name,"94. Bhindi Masala","94. Bhindi Masala","94. bhindi masala","Bhindi Masala","bhindi masala"
menu-item-name,"83. Aloo Gobi","83. Aloo Gobi","83. aloo gobi","Aloo Gobi","aloo gobi"
menu-item-name,"93. Yellow Daal","93. Yellow Daal","93. yellow daal","Yellow Daal","yellow daal"
menu-item-name,"81. Saag Paneer","81. Saag Paneer","81. saag paneer","Saag Paneer","saag paneer"
menu-item-name,"84. Malai Kofta","84. Malai Kofta","84. malai kofta","Malai Kofta","malai kofta"
menu-item-name,"86. Vegetable Korma","86. Vegetable Korma","86. vegetable korma","Vegetable Korma","vegetable korma"
menu-item-name,"89a. Saag Aloo","89a. Saag Aloo","89a. saag aloo","Saag Aloo","saag aloo"
menu-item-name,"91. Mushroom Matar","91. Mushroom Matar","91. mushroom matar","Mushroom Matar","mushroom matar"
menu-item-name,"83. Matar Paneer","83. Matar Paneer","83. matar paneer","Matar Paneer","matar paneer"
menu-item-name,"85. Bengan Bertha","85. Bengan Bertha","85. bengan bertha","Bengan Bertha","bengan bertha"
menu-item-name,"88. Dal Makhni","88. Dal Makhni","88. dal makhni","Dal Makhni","dal makhni"
menu-item-name,"90. Shahi Paneer","90. Shahi Paneer","90. shahi paneer","Shahi Paneer","shahi paneer"
menu-item-name,"51. Chicken Makhni","51. Chicken Makhni","51. chicken makhni","Chicken Makhni","chicken makhni"
menu-item-name,"53. Chicken Curry","53. Chicken Curry","53. chicken curry","Chicken Curry","chicken curry"
menu-item-name,"55. Chicken Vindaloo","55. Chicken Vindaloo","55. chicken vindaloo","Chicken Vindaloo","chicken vindaloo"
menu-item-name,"58. Chicken Karahi","58. Chicken Karahi","58. chicken karahi","Chicken Karahi","chicken karahi"
menu-item-name,"52. Chicken Korma","52. Chicken Korma","52. chicken korma","Chicken Korma","chicken korma"
menu-item-name,"54. Mango Chicken Masala","54. Mango Chicken Masala","54. mango chicken masala","Mango Chicken Masala","mango chicken masala","Mango Chicken","mango chicken"
menu-item-name,"56. Chicken Tikka Masala","56. Chicken Tikka Masala","56. chicken tikka masala","Chicken Tikka Masala","chicken tikka masala","Chicken Tikka","chicken tikka"
menu-item-name,"60. Chicken Saag","60. Chicken Saag","60. chicken saag","Chicken Saag","chicken saag"
menu-item-name,"34. Lamb Coconut","34. Lamb Coconut","34. lamb coconut","Lamb Coconut","lamb coconut"
menu-item-name,"36. Lamb Curry","36. Lamb Curry","36. lamb curry","Lamb Curry","lamb curry"
menu-item-name,"38. Rogan Josh","38. Rogan Josh","38. rogan josh","Rogan Josh","rogan josh"
menu-item-name,"43. Lamb Korma","43. Lamb Korma","43. lamb korma","Lamb Korma","lamb korma"
menu-item-name,"35. Lamb Vindaloo","35. Lamb Vindaloo","35. lamb vindaloo","Lamb Vindaloo","lamb vindaloo"
menu-item-name,"37. Lamb Saagwala","37. Lamb Saagwala","37. lamb saagwala","Lamb Saagwala","lamb saagwala"
menu-item-name,"40. Punjabi Lamb Curry","40. Punjabi Lamb Curry","40. punjabi lamb curry","Punjabi Lamb Curry","punjabi lamb curry","Punjabi Lamb","punjabi lamb"
menu-item-name,"44. Lamb Tikka Masala","44. Lamb Tikka Masala","44. lamb tikka masala","Lamb Tikka Masala","lamb tikka masala","Lamb Tikka","lamb tikka"
menu-item-name,"68. Shrimp Vindaloo","68. Shrimp Vindaloo","68. shrimp vindaloo","Shrimp Vindaloo","shrimp vindaloo"
menu-item-name,"69. Shrimp Saag","69. Shrimp Saag","69. shrimp saag","Shrimp Saag","shrimp saag"
menu-item-name,"71. Shrimp Curry","71. Shrimp Curry","71. shrimp curry","Shrimp Curry","shrimp curry"
menu-item-name,"68a. Fish Curry","68a. Fish Curry","68a. fish curry","Fish Curry","fish curry"
menu-item-name,"70. Prawns & Scallops Tikka Masala","70. Prawns & Scallops Tikka Masala","70. prawns & scallops tikka masala","Prawns","prawns","Prawns & Scallops Tikka Masala","prawns & scallops tikka masala","Prawns &","prawns &"
menu-item-name,"73. Shrimp Tikka Masala","73. Shrimp Tikka Masala","73. shrimp tikka masala","Shrimp Tikka Masala","shrimp tikka masala","Shrimp Tikka","shrimp tikka"
menu-item-name,"130. Lamb Platter","130. Lamb Platter","130. lamb platter","Lamb Platter","lamb platter"
menu-item-name,"133. Shrimp Coconut Curry","133. Shrimp Coconut Curry","133. shrimp coconut curry","Shrimp Coconut Curry","shrimp coconut curry","Shrimp Coconut","shrimp coconut"
menu-item-name,"136. Shrimp Karma","136. Shrimp Karma","136. shrimp karma","Shrimp Karma","shrimp karma"
menu-item-name,"132. Chicken Mushroom Curry","132. Chicken Mushroom Curry","132. chicken mushroom curry","Chicken Mushroom Curry","chicken mushroom curry","Chicken Mushroom","chicken mushroom"
menu-item-name,"134. Garlic Chicken","134. Garlic Chicken","134. garlic chicken","Garlic Chicken","garlic chicken"
menu-item-name,"137. Chili Chicken","137. Chili Chicken","137. chili chicken","Chili Chicken","chili chicken"
menu-item-name,"95. Tandoori Chicken","95. Tandoori Chicken","95. tandoori chicken","Tandoori Chicken","tandoori chicken"
menu-item-name,"98. Boti Kabob","98. Boti Kabob","98. boti kabob","Boti Kabob","boti kabob"
menu-item-name,"100. Shrimp Tandoori","100. Shrimp Tandoori","100. shrimp tandoori","Shrimp Tandoori","shrimp tandoori"
menu-item-name,"120. Chicken Tikka","120. Chicken Tikka","120. chicken tikka","Chicken Tikka","chicken tikka"
menu-item-name,"122. Lamb Chops Kandhahari","122. Lamb Chops Kandhahari","122. lamb chops kandhahari","Lamb Chops Kandhahari","lamb chops kandhahari","Lamb Chops","lamb chops"
menu-item-name,"97. Shish Kebob","97. Shish Kebob","97. shish kebob","Shish Kebob","shish kebob"
menu-item-name,"99. Tandoori Mixed Grill","99. Tandoori Mixed Grill","99. tandoori mixed grill","Tandoori Mixed Grill","tandoori mixed grill","Tandoori Mixed","tandoori mixed"
menu-item-name,"101. Fish Tandoori","101. Fish Tandoori","101. fish tandoori","Fish Tandoori","fish tandoori"
menu-item-name,"121. Chicken Lasooni","121. Chicken Lasooni","121. chicken lasooni","Chicken Lasooni","chicken lasooni"
menu-item-name,"140. Plain Rice","140. Plain Rice","140. plain rice","Plain Rice","plain rice"
menu-item-name,"142. Peas Pullow","142. Peas Pullow","142. peas pullow","Peas Pullow","peas pullow"
menu-item-name,"144. Chicken Biryani","144. Chicken Biryani","144. chicken biryani","Chicken Biryani","chicken biryani"
menu-item-name,"146. Shrimp Biryani","146. Shrimp Biryani","146. shrimp biryani","Shrimp Biryani","shrimp biryani"
menu-item-name,"141. Saffron Rice","141. Saffron Rice","141. saffron rice","Saffron Rice","saffron rice"
menu-item-name,"143. Vegetable Biryani","143. Vegetable Biryani","143. vegetable biryani","Vegetable Biryani","vegetable biryani"
menu-item-name,"145. Lamb Biryani","145. Lamb Biryani","145. lamb biryani","Lamb Biryani","lamb biryani"
menu-item-name,"20. Naan","20. Naan","20. naan","Naan","naan"
menu-item-name,"22. Garlic Naan","22. Garlic Naan","22. garlic naan","Garlic Naan","garlic naan"
menu-item-name,"24. Chapati","24. Chapati","24. chapati","Chapati","chapati"
menu-item-name,"25. Aloo Paratha","25. Aloo Paratha","25. aloo paratha","Aloo Paratha","aloo paratha"
menu-item-name,"27. Peshawari Naan","27. Peshawari Naan","27. peshawari naan","Peshawari Naan","peshawari naan"
menu-item-name,"29. Chicken Naan","29. Chicken Naan","29. chicken naan","Chicken Naan","chicken naan"
menu-item-name,"31. Assorted Bread Basket","31. Assorted Bread Basket","31. assorted bread basket","Assorted Bread Basket","assorted bread basket","Assorted Bread","assorted bread"
menu-item-name,"21. Paneer Naan","21. Paneer Naan","21. paneer naan","Paneer Naan","paneer naan"
menu-item-name,"23. Onion Kulcha","23. Onion Kulcha","23. onion kulcha","Onion Kulcha","onion kulcha"
menu-item-name,"24a. Bhatura","24a. Bhatura","24a. bhatura","Bhatura","bhatura"
menu-item-name,"26. Paratha","26. Paratha","26. paratha","Paratha","paratha"
menu-item-name,"28. Kashmiri Naan","28. Kashmiri Naan","28. kashmiri naan","Kashmiri Naan","kashmiri naan"
menu-item-name,"30. Keema Naan","30. Keema Naan","30. keema naan","Keema Naan","keema naan"
menu-item-name,"32. Spinach Naan","32. Spinach Naan","32. spinach naan","Spinach Naan","spinach naan"
menu-item-name,"111. Kheer","111. Kheer","111. kheer","Kheer","kheer"
menu-item-name,"112. Gulab Jamun","112. Gulab Jamun","112. gulab jamun","Gulab Jamun","gulab jamun"
menu-item-name,"300. Aquafina Water","300. Aquafina Water","300. aquafina water","Aquafina Water","aquafina water"
menu-item-name,"300. Lipton Green Tea with Citrus","300. Lipton Green Tea with Citrus","300. lipton green tea with citrus","Lipton Green Tea with Citrus","lipton green tea with citrus","Lipton Green","lipton green"
menu-item-name,"300. Soda","300. Soda","300. soda","Soda","soda"
menu-item-name,"500. Napkins & Utensils (Each)","500. Napkins & Utensils (Each)","500. napkins & utensils (each)","Napkins","napkins","Napkins & Utensils","napkins & utensils","Napkins &","napkins &"
menu-item-name,"701. Plastic Serving Spoon (Each)","701. Plastic Serving Spoon (Each)","701. plastic serving spoon (each)","Plastic Serving Spoon (Each)","plastic serving spoon (each)","Plastic Serving Spoon","plastic serving spoon","Plastic Serving","plastic serving"
menu-item-name,"701. Plastic Serving Utensil Pack of 3 (Each)","701. Plastic Serving Utensil Pack of 3 (Each)","701. plastic serving utensil pack of 3 (each)","Plastic Serving Utensil Pack of 3 (Each)","plastic serving utensil pack of 3 (each)","Plastic Serving Utensil Pack of 3","plastic serving utensil pack of 3","Plastic Serving","plastic serving"
menu-item-name,"701. Beverage Cup (Each)","701. Beverage Cup (Each)","701. beverage cup (each)","Beverage Cup (Each)","beverage cup (each)","Beverage Cup","beverage cup"
menu-item-name,"501. Plate (Each)","501. Plate (Each)","501. plate (each)","Plate (Each)","plate (each)","Plate","plate"
menu-item-name,"701. Plastic Serving Fork (Each)","701. Plastic Serving Fork (Each)","701. plastic serving fork (each)","Plastic Serving Fork (Each)","plastic serving fork (each)","Plastic Serving Fork","plastic serving fork","Plastic Serving","plastic serving"
menu-item-name,"701. Bag of Ice (Each)","701. Bag of Ice (Each)","701. bag of ice (each)","Bag of Ice (Each)","bag of ice (each)","Bag of Ice","bag of ice","Bag of","bag of"
menu-item-name,"600. Vegetarian Combo Platter (Per Platter)","600. Vegetarian Combo Platter (Per Platter)","600. vegetarian combo platter (per platter)","Vegetarian Combo Platter (Per Platter)","vegetarian combo platter (per platter)","Vegetarian Combo Platter","vegetarian combo platter","Vegetarian Combo","vegetarian combo"
menu-item-name,"602. Meal #1 Platter (Per Person)","602. Meal #1 Platter (Per Person)","602. meal #1 platter (per person)","Meal #1 Platter (Per Person)","meal #1 platter (per person)","Meal #1 Platter","meal #1 platter","Meal #1","meal #1"
menu-item-name,"601. Meat Platter (Per Platter)","601. Meat Platter (Per Platter)","601. meat platter (per platter)","Meat Platter (Per Platter)","meat platter (per platter)","Meat Platter","meat platter"
menu-item-name,"Bottled Water","Bottled Water","bottled water"
menu-item-name,"Santa Fe Chicken Salad","Santa Fe Chicken Salad","santa fe chicken salad","Santa Fe","santa fe"
menu-item-name,"Chicken Caesar Salad","Chicken Caesar Salad","chicken caesar salad","Chicken Caesar","chicken caesar"
menu-item-name,"Asian Chicken Salad","Asian Chicken Salad","asian chicken salad","Asian Chicken","asian chicken"
menu-item-name,"Farmer`s Market Salad","Farmer`s Market Salad","farmer`s market salad","Farmer`s Market","farmer`s market"
menu-item-name,"Santa Fe Chicken Wrap","Santa Fe Chicken Wrap","santa fe chicken wrap","Santa Fe","santa fe"
menu-item-name,"Chicken Caesar Wrap","Chicken Caesar Wrap","chicken caesar wrap","Chicken Caesar","chicken caesar"
menu-item-name,"Viva Veggie Wrap","Viva Veggie Wrap","viva veggie wrap","Viva Veggie","viva veggie"
menu-item-name,"Asian Chicken Wrap","Asian Chicken Wrap","asian chicken wrap","Asian Chicken","asian chicken"
menu-item-name,"Farmer's Market Wrap","Farmer's Market Wrap","farmer's market wrap","Farmer's Market","farmer's market"
menu-item-name,"#2 Ham & Swiss Sandwich","#2 Ham & Swiss Sandwich","#2 ham & swiss sandwich","#2 Ham","#2 ham"
menu-item-name,"#20 Albacore Tuna Sandwich","#20 Albacore Tuna Sandwich","#20 albacore tuna sandwich","#20 Albacore","#20 albacore"
menu-item-name,"#29 Chicken Salad Sandwich","#29 Chicken Salad Sandwich","#29 chicken salad sandwich","#29 Chicken","#29 chicken"
menu-item-name,"#16 The Italian Sandwich","#16 The Italian Sandwich","#16 the italian sandwich","#16 The","#16 the"
menu-item-name,"#23. Salami & Provolone Sandwich","#23. Salami & Provolone Sandwich","#23. salami & provolone sandwich","Salami","salami","Salami & Provolone Sandwich","salami & provolone sandwich","Salami &","salami &"
menu-item-name,"#7 Roast Beef Sandwich","#7 Roast Beef Sandwich","#7 roast beef sandwich","#7 Roast","#7 roast"
menu-item-name,"#8 Turkey, Roast Beef & Cheddar Sandwich","#8 Turkey, Roast Beef & Cheddar Sandwich","#8 turkey, roast beef & cheddar sandwich","#8 Turkey, Roast Beef","#8 turkey, roast beef","#8 Turkey,","#8 turkey,"
menu-item-name,"#3 Turkey & Cheddar Sandwich","#3 Turkey & Cheddar Sandwich","#3 turkey & cheddar sandwich","#3 Turkey","#3 turkey"
menu-item-name,"#24 Turkey & Avocado Sandwich","#24 Turkey & Avocado Sandwich","#24 turkey & avocado sandwich","#24 Turkey","#24 turkey"
menu-item-name,"#5 Turkey & Cranberry Sandwich","#5 Turkey & Cranberry Sandwich","#5 turkey & cranberry sandwich","#5 Turkey","#5 turkey"
menu-item-name,"#26 Turkey, Ham & Cheddar Sandwich","#26 Turkey, Ham & Cheddar Sandwich","#26 turkey, ham & cheddar sandwich","#26 Turkey, Ham","#26 turkey, ham","#26 Turkey,","#26 turkey,"
menu-item-name,"#9 Pastrami Sandwich","#9 Pastrami Sandwich","#9 pastrami sandwich","#9 Pastrami","#9 pastrami"
menu-item-name,"#32 Pepper Jack Pastrami Toast","#32 Pepper Jack Pastrami Toast","#32 pepper jack pastrami toast","#32 Pepper","#32 pepper"
menu-item-name,"#36 California Club","#36 California Club","#36 california club","#36 California","#36 california"
menu-item-name,"#1 Chicken Sandwich","#1 Chicken Sandwich","#1 chicken sandwich","#1 Chicken","#1 chicken"
menu-item-name,"#10 Pastrami Reuben","#10 Pastrami Reuben","#10 pastrami reuben","#10 Pastrami","#10 pastrami"
menu-item-name,"#31 Clubhouse","#31 Clubhouse","#31 clubhouse"
menu-item-name,"#33 Triple Dip Sandwich","#33 Triple Dip Sandwich","#33 triple dip sandwich","#33 Triple","#33 triple"
menu-item-name,"#14 Hummus Sandwich","#14 Hummus Sandwich","#14 hummus sandwich","#14 Hummus","#14 hummus"
menu-item-name,"#21 Avocado & Provolone Sandwich","#21 Avocado & Provolone Sandwich","#21 avocado & provolone sandwich","#21 Avocado","#21 avocado"
menu-item-name,"#15 Viva Veggie Sandwich","#15 Viva Veggie Sandwich","#15 viva veggie sandwich","#15 Viva","#15 viva"
menu-item-name,"#22 Cheese Sandwich","#22 Cheese Sandwich","#22 cheese sandwich","#22 Cheese","#22 cheese"
menu-item-name,"Chips","Chips","chips"
menu-item-name,"Chocolate Chunk Brownie","Chocolate Chunk Brownie","chocolate chunk brownie","Chocolate Chunk","chocolate chunk"
menu-item-name,"Cookies","Cookies","cookies"
menu-item-name,"750. Favorite Tastes Tray (Per Platter)","750. Favorite Tastes Tray (Per Platter)","750. favorite tastes tray (per platter)","Favorite Tastes Tray (Per Platter)","favorite tastes tray (per platter)","Favorite Tastes Tray","favorite tastes tray","Favorite Tastes","favorite tastes"
menu-item-name,"752. Create Your Own Tastes Tray (Per Platter)","752. Create Your Own Tastes Tray (Per Platter)","752. create your own tastes tray (per platter)","Create Your Own Tastes Tray (Per Platter)","create your own tastes tray (per platter)","Create Your Own Tastes Tray","create your own tastes tray","Create Your","create your"
menu-item-name,"751. California Tastes Tray (Per Platter)","751. California Tastes Tray (Per Platter)","751. california tastes tray (per platter)","California Tastes Tray (Per Platter)","california tastes tray (per platter)","California Tastes Tray","california tastes tray","California Tastes","california tastes"
menu-item-name,"600. Asian Chicken Salad Platter (Per Platter)","600. Asian Chicken Salad Platter (Per Platter)","600. asian chicken salad platter (per platter)","Asian Chicken Salad Platter (Per Platter)","asian chicken salad platter (per platter)","Asian Chicken Salad Platter","asian chicken salad platter","Asian Chicken","asian chicken"
menu-item-name,"602. Farmer`s Market Salad Platter (Per Platter)","602. Farmer`s Market Salad Platter (Per Platter)","602. farmer`s market salad platter (per platter)","Farmer`s Market Salad Platter (Per Platter)","farmer`s market salad platter (per platter)","Farmer`s Market Salad Platter","farmer`s market salad platter","Farmer`s Market","farmer`s market"
menu-item-name,"601. Roasted Chicken Caesar Platter (Per Platter)","601. Roasted Chicken Caesar Platter (Per Platter)","601. roasted chicken caesar platter (per platter)","Roasted Chicken Caesar Platter (Per Platter)","roasted chicken caesar platter (per platter)","Roasted Chicken Caesar Platter","roasted chicken caesar platter","Roasted Chicken","roasted chicken"
menu-item-name,"603. Santa Fe Salad (Per Platter)","603. Santa Fe Salad (Per Platter)","603. santa fe salad (per platter)","Santa Fe Salad (Per Platter)","santa fe salad (per platter)","Santa Fe Salad","santa fe salad","Santa Fe","santa fe"
menu-item-name,"625. Cut Vegetables (Per Platter)","625. Cut Vegetables (Per Platter)","625. cut vegetables (per platter)","Cut Vegetables (Per Platter)","cut vegetables (per platter)","Cut Vegetables","cut vegetables"
menu-item-name,"626. Seasonal Fruit Tray (Per Platter)","626. Seasonal Fruit Tray (Per Platter)","626. seasonal fruit tray (per platter)","Seasonal Fruit Tray (Per Platter)","seasonal fruit tray (per platter)","Seasonal Fruit Tray","seasonal fruit tray","Seasonal Fruit","seasonal fruit"
menu-item-name,"615. Favorite Tastes Tray (Per Platter)","615. Favorite Tastes Tray (Per Platter)","615. favorite tastes tray (per platter)","Favorite Tastes Tray (Per Platter)","favorite tastes tray (per platter)","Favorite Tastes Tray","favorite tastes tray","Favorite Tastes","favorite tastes"
menu-item-name,"617. Create Your Own Tastes Tray (Per Platter)","617. Create Your Own Tastes Tray (Per Platter)","617. create your own tastes tray (per platter)","Create Your Own Tastes Tray (Per Platter)","create your own tastes tray (per platter)","Create Your Own Tastes Tray","create your own tastes tray","Create Your","create your"
menu-item-name,"616. California Tastes Tray (Per Platter)","616. California Tastes Tray (Per Platter)","616. california tastes tray (per platter)","California Tastes Tray (Per Platter)","california tastes tray (per platter)","California Tastes Tray","california tastes tray","California Tastes","california tastes"
menu-item-name,"611. Deluxe Meat & Cheese Tray (Per Platter)","611. Deluxe Meat & Cheese Tray (Per Platter)","611. deluxe meat & cheese tray (per platter)","Deluxe Meat","deluxe meat","Deluxe Meat & Cheese Tray","deluxe meat & cheese tray"
menu-item-name,"613. Famous Breads (Per Platter)","613. Famous Breads (Per Platter)","613. famous breads (per platter)","Famous Breads (Per Platter)","famous breads (per platter)","Famous Breads","famous breads"
menu-item-name,"612. Sandwich Fixings (Per Platter)","612. Sandwich Fixings (Per Platter)","612. sandwich fixings (per platter)","Sandwich Fixings (Per Platter)","sandwich fixings (per platter)","Sandwich Fixings","sandwich fixings"
menu-item-name,"630. Cookie Tray (Per Platter)","630. Cookie Tray (Per Platter)","630. cookie tray (per platter)","Cookie Tray (Per Platter)","cookie tray (per platter)","Cookie Tray","cookie tray"
menu-item-name,"632. Mixed Cookie & Brownie Tray (Per Platter)","632. Mixed Cookie & Brownie Tray (Per Platter)","632. mixed cookie & brownie tray (per platter)","Mixed Cookie","mixed cookie","Mixed Cookie & Brownie Tray","mixed cookie & brownie tray"
menu-item-name,"631. Brownie Tray (Per Platter)","631. Brownie Tray (Per Platter)","631. brownie tray (per platter)","Brownie Tray (Per Platter)","brownie tray (per platter)","Brownie Tray","brownie tray"
menu-item-name,"633. Bag of Chips (Each)","633. Bag of Chips (Each)","633. bag of chips (each)","Bag of Chips (Each)","bag of chips (each)","Bag of Chips","bag of chips","Bag of","bag of"
menu-item-name,"500. Napkins & Utensils (Each)","500. Napkins & Utensils (Each)","500. napkins & utensils (each)","Napkins","napkins","Napkins & Utensils","napkins & utensils","Napkins &","napkins &"
menu-item-name,"701. Plastic Serving Spoon (Each)","701. Plastic Serving Spoon (Each)","701. plastic serving spoon (each)","Plastic Serving Spoon (Each)","plastic serving spoon (each)","Plastic Serving Spoon","plastic serving spoon","Plastic Serving","plastic serving"
menu-item-name,"701. Plastic Serving Utensil Pack (Pack of 3)","701. Plastic Serving Utensil Pack (Pack of 3)","701. plastic serving utensil pack (pack of 3)","Plastic Serving Utensil Pack (Pack of 3)","plastic serving utensil pack (pack of 3)","Plastic Serving Utensil Pack","plastic serving utensil pack","Plastic Serving","plastic serving"
menu-item-name,"701. Beverage Cup (Each)","701. Beverage Cup (Each)","701. beverage cup (each)","Beverage Cup (Each)","beverage cup (each)","Beverage Cup","beverage cup"
menu-item-name,"501. Plate (Each)","501. Plate (Each)","501. plate (each)","Plate (Each)","plate (each)","Plate","plate"
menu-item-name,"701. Plastic Serving Fork (Each)","701. Plastic Serving Fork (Each)","701. plastic serving fork (each)","Plastic Serving Fork (Each)","plastic serving fork (each)","Plastic Serving Fork","plastic serving fork","Plastic Serving","plastic serving"
menu-item-name,"701. Bag of Ice (Each)","701. Bag of Ice (Each)","701. bag of ice (each)","Bag of Ice (Each)","bag of ice (each)","Bag of Ice","bag of ice","Bag of","bag of"